2026-02-15 02:14:11,828 [INFO]  SmartWebSocketV2 patched for signature safety
2026-02-15 02:14:11,838 [WARNING] [PATCH] _on_close error (continuing): SmartWebSocketV2._on_close() missing 1 required positional argument: 'wsapp'
2026-02-15 02:17:48,891 [WARNING] [PATCH] _on_close error (continuing): SmartWebSocketV2._on_close() missing 1 required positional argument: 'wsapp'
2026-02-15 02:20:41,678 [WARNING] [PATCH] _on_close error (continuing): SmartWebSocketV2._on_close() missing 1 required positional argument: 'wsapp'
2026-02-15 02:22:07,808 [WARNING] [PATCH] _on_close error (continuing): SmartWebSocketV2._on_close() missing 1 required positional argument: 'wsapp'
2026-02-15 02:22:54,278 [INFO]  SmartWebSocketV2 patched for signature safety
2026-02-15 02:23:59,053 [INFO]  SmartWebSocketV2 patched for signature safety
2026-02-15 02:23:59,065 [INFO] ================================================================================
2026-02-15 02:23:59,065 [INFO] NIFTY THETA STRATEGY v3.0 - PAPER MODE
2026-02-15 02:23:59,065 [INFO] ================================================================================
2026-02-15 02:23:59,202 [INFO]  Time drift: 2.300s
2026-02-15 02:23:59,203 [INFO]  Time sync OK
2026-02-15 02:23:59,203 [INFO] ================================================================================
2026-02-15 02:23:59,204 [INFO]  LOGGING IN TO ANGEL ONE
2026-02-15 02:23:59,204 [INFO] ================================================================================
2026-02-15 02:23:59,522 [INFO] Client Code: A300707
2026-02-15 02:23:59,523 [INFO] TOTP: 885239
2026-02-15 02:24:01,224 [INFO]  Login successful
2026-02-15 02:24:01,225 [INFO] Session: Bearer eyJhbGciOiJIU...
2026-02-15 02:24:01,225 [INFO] ================================================================================
2026-02-15 02:24:01,226 [INFO] CREATING DATA FEED: LIVE MODE
2026-02-15 02:24:01,227 [INFO] ================================================================================
2026-02-15 02:24:01,228 [INFO]  LIVE mode - initializing ENHANCED WebSocket
2026-02-15 02:24:01,229 [INFO]  Tick recorder: c:\Users\SANU\Desktop\New folder (2)\12 Feb Onwards\trading_system_fixed\tick_data
2026-02-15 02:24:01,230 [INFO]  Connecting WebSocket...
2026-02-15 02:24:01,406 [INFO] Websocket connected
2026-02-15 02:24:01,408 [INFO]  WebSocket connection opened
2026-02-15 02:24:01,412 [INFO]  WebSocket connected - LTP cache INVALIDATED
2026-02-15 02:24:01,413 [INFO]  Heartbeat watchdog started (timeout: 30.0s)
2026-02-15 02:24:01,413 [INFO]  LIVE data feed initialized
2026-02-15 02:24:01,414 [INFO] ================================================================================
2026-02-15 02:24:01,415 [INFO] CREATING BROKER: PAPER MODE
2026-02-15 02:24:01,416 [INFO] ================================================================================
2026-02-15 02:24:01,417 [INFO] TelegramNotifierTextOnly initialized (interval=60s)
2026-02-15 02:24:01,418 [INFO]  NOTIFIER PROTOCOL ASSERTION PASSED - all 9 methods verified
2026-02-15 02:24:04,745 [INFO] TelegramNotifierTextOnly started
2026-02-15 02:24:04,746 [INFO] ================================================================================
2026-02-15 02:24:04,747 [INFO]  NOTIFIER PROTOCOL VALIDATED
2026-02-15 02:24:04,748 [INFO] ================================================================================
2026-02-15 02:24:04,749 [INFO] All 9 required methods present
2026-02-15 02:24:04,750 [INFO] ================================================================================
2026-02-15 02:24:04,751 [INFO]  Telegram notifier started and validated
2026-02-15 02:24:04,754 [INFO]  New day reset
2026-02-15 02:24:04,761 [INFO]  PAPER TRADING MODE - Simulated orders only
2026-02-15 02:24:04,765 [INFO] ======================================================================
2026-02-15 02:24:04,766 [INFO]  EXECUTION GATEWAY INITIALIZED
2026-02-15 02:24:04,767 [INFO] ======================================================================
2026-02-15 02:24:04,768 [INFO] Rate Limit: 20 orders/minute
2026-02-15 02:24:04,770 [INFO] Max Daily Loss: 10000.0
2026-02-15 02:24:04,770 [INFO] Circuit Breaker: ENABLED
2026-02-15 02:24:04,770 [INFO] Kill Switch: OFF
2026-02-15 02:24:04,773 [INFO] No New Trades: NO
2026-02-15 02:24:04,774 [INFO] ======================================================================
2026-02-15 02:24:04,775 [INFO]  PaperBroker: ExecutionGateway integrated
2026-02-15 02:24:04,776 [INFO]  PaperBroker: API rate limit = 2.0 calls/sec
2026-02-15 02:24:05,902 [INFO]  Loaded 187043 instruments
2026-02-15 02:24:05,908 [INFO]  Notifier logging handler attached
2026-02-15 02:24:06,892 [INFO]  Sent system status: Login=SUCCESS, WS=PENDING
2026-02-15 02:24:09,407 [INFO] ================================================================================
2026-02-15 02:24:09,882 [INFO] [OK] NOTIFIER CONTRACT ASSERTION PASSED
2026-02-15 02:24:10,342 [INFO] ================================================================================
2026-02-15 02:24:10,989 [INFO] All 9 required methods verified
2026-02-15 02:24:11,448 [INFO] ================================================================================
2026-02-15 02:24:12,014 [INFO] [START] Starting strategy...
2026-02-15 02:24:12,516 [INFO] [SAFETY] Checking broker for open positions on startup...
2026-02-15 02:24:13,038 [INFO] [SAFETY] No open positions at broker - starting fresh
2026-02-15 02:24:13,541 [INFO]   STANDBY MODE: Market not open yet, subscribing to spot for heartbeat
2026-02-15 02:24:14,104 [INFO]  Created: ticks_20260215.csv
2026-02-15 02:24:14,262 [INFO]  Subscribed 1/1 tokens on NSE
2026-02-15 02:24:15,193 [INFO] [OK] Standby subscription active - WebSocket alive, waiting for market open
2026-02-15 02:24:15,701 [INFO]  02:24:15 | STANDBY | P&L: Rs0.00 | Pos: 0
2026-02-15 02:24:15,701 [INFO] [OK] Strategy engine started
2026-02-15 02:24:16,722 [INFO] ================================================================================
2026-02-15 02:24:17,236 [INFO]  STRATEGY RUNNING
2026-02-15 02:24:17,748 [INFO] ================================================================================
2026-02-15 02:24:18,254 [INFO] Data Source: LIVE
2026-02-15 02:24:18,765 [INFO] Trading Mode: PAPER
2026-02-15 02:24:19,284 [INFO] Press Ctrl+C to stop
2026-02-15 02:24:19,742 [INFO] ================================================================================
2026-02-15 02:24:21,211 [INFO]  02:24:21 | STANDBY | P&L: Rs0.00 | Pos: 0
2026-02-15 02:24:26,742 [WARNING] [WARN] Feed health: {'status': 'CRITICAL', 'message': '0 critical, 1 degraded', 'connected': True, 'valid_ltp_count': 1, 'total_ltp_count': 1, 'subscribed_tokens': 1, 'mode': 'LIVE', 'last_tick_age': 12.639539241790771, 'reconnect_count': 1}
2026-02-15 02:24:27,270 [INFO]  02:24:27 | STANDBY | P&L: Rs0.00 | Pos: 0 | FEED: CRITICAL (0 critical, 1 degraded)
2026-02-15 02:24:32,785 [WARNING] [WARN] Feed health: {'status': 'CRITICAL', 'message': '0 critical, 1 degraded', 'connected': True, 'valid_ltp_count': 1, 'total_ltp_count': 1, 'subscribed_tokens': 1, 'mode': 'LIVE', 'last_tick_age': 18.682328701019287, 'reconnect_count': 1}
2026-02-15 02:24:33,313 [INFO]  02:24:33 | STANDBY | P&L: Rs0.00 | Pos: 0 | FEED: CRITICAL (0 critical, 1 degraded)
2026-02-15 02:24:38,825 [WARNING] [WARN] Feed health: {'status': 'CRITICAL', 'message': '0 critical, 1 degraded', 'connected': True, 'valid_ltp_count': 1, 'total_ltp_count': 1, 'subscribed_tokens': 1, 'mode': 'LIVE', 'last_tick_age': 24.72237801551819, 'reconnect_count': 1}
2026-02-15 02:24:39,345 [INFO]  02:24:39 | STANDBY | P&L: Rs0.00 | Pos: 0 | FEED: CRITICAL (0 critical, 1 degraded)
2026-02-15 02:24:44,868 [WARNING] [WARN] Feed health: {'status': 'DEAD', 'message': '1 tokens dead', 'connected': True, 'valid_ltp_count': 1, 'total_ltp_count': 1, 'subscribed_tokens': 1, 'mode': 'LIVE', 'last_tick_age': 30.765368461608887, 'reconnect_count': 1}
2026-02-15 02:24:45,396 [INFO]  02:24:45 | STANDBY | P&L: Rs0.00 | Pos: 0 | FEED: DEAD (1 tokens dead)
2026-02-15 02:24:50,857 [WARNING] [WARN] Feed health: {'status': 'DEAD', 'message': '1 tokens dead', 'connected': True, 'valid_ltp_count': 1, 'total_ltp_count': 1, 'subscribed_tokens': 1, 'mode': 'LIVE', 'last_tick_age': 36.75396537780762, 'reconnect_count': 1}
2026-02-15 02:24:51,415 [WARNING]  No ticks for 37.3s. Forcing reconnect.
2026-02-15 02:24:51,809 [INFO]  02:24:51 | STANDBY | P&L: Rs0.00 | Pos: 0 | FEED: DEAD (1 tokens dead)
2026-02-15 02:24:52,401 [WARNING] [PATCH] _on_close error (continuing): SmartWebSocketV2._on_close() takes 2 positional arguments but 4 were given
2026-02-15 02:51:46,714 [INFO]  SmartWebSocketV2 patched for signature safety
2026-02-15 02:51:46,728 [INFO] ================================================================================
2026-02-15 02:51:46,729 [INFO] NIFTY THETA STRATEGY v3.0 - PAPER MODE
2026-02-15 02:51:46,729 [INFO] ================================================================================
2026-02-15 02:51:46,839 [INFO]  Time drift: 2.314s
2026-02-15 02:51:46,840 [INFO]  Time sync OK
2026-02-15 02:51:46,842 [INFO] ================================================================================
2026-02-15 02:51:46,844 [INFO]  LOGGING IN TO ANGEL ONE
2026-02-15 02:51:46,846 [INFO] ================================================================================
2026-02-15 02:51:47,221 [INFO] Client Code: A300707
2026-02-15 02:51:47,222 [INFO] TOTP: 012841
2026-02-15 02:51:48,857 [INFO]  Login successful
2026-02-15 02:51:48,861 [INFO] Session: Bearer eyJhbGciOiJIU...
2026-02-15 02:51:48,863 [INFO] ================================================================================
2026-02-15 02:51:48,864 [INFO] CREATING DATA FEED: LIVE MODE
2026-02-15 02:51:48,865 [INFO] ================================================================================
2026-02-15 02:51:48,867 [INFO]  LIVE mode - initializing ENHANCED WebSocket
2026-02-15 02:51:48,873 [INFO]  Tick recorder: c:\Users\SANU\Desktop\New folder (2)\12 Feb Onwards\trading_system_fixed\tick_data
2026-02-15 02:51:48,874 [INFO]  Connecting WebSocket...
2026-02-15 02:51:49,101 [INFO] Websocket connected
2026-02-15 02:51:49,105 [INFO]  WebSocket connection opened
2026-02-15 02:51:49,109 [INFO]  WebSocket connected - LTP cache INVALIDATED
2026-02-15 02:51:49,115 [INFO]  Heartbeat watchdog started (timeout: 30.0s)
2026-02-15 02:51:49,116 [INFO]  LIVE data feed initialized
2026-02-15 02:51:49,120 [INFO] ================================================================================
2026-02-15 02:51:49,149 [INFO] CREATING BROKER: PAPER MODE
2026-02-15 02:51:49,150 [INFO] ================================================================================
2026-02-15 02:51:49,158 [INFO] TelegramNotifierTextOnly initialized (interval=60s)
2026-02-15 02:51:49,162 [INFO]  NOTIFIER PROTOCOL ASSERTION PASSED - all 9 methods verified
2026-02-15 02:51:56,938 [INFO]  SmartWebSocketV2 patched for signature safety
2026-02-15 02:51:56,957 [INFO] ================================================================================
2026-02-15 02:51:56,957 [INFO] NIFTY THETA STRATEGY v3.0 - PAPER MODE
2026-02-15 02:51:56,961 [INFO] ================================================================================
2026-02-15 02:51:57,073 [INFO]  Time drift: 2.320s
2026-02-15 02:51:57,073 [INFO]  Time sync OK
2026-02-15 02:51:57,074 [INFO] ================================================================================
2026-02-15 02:51:57,074 [INFO]  LOGGING IN TO ANGEL ONE
2026-02-15 02:51:57,074 [INFO] ================================================================================
2026-02-15 02:51:57,356 [INFO] Client Code: A300707
2026-02-15 02:51:57,357 [INFO] TOTP: 012841
2026-02-15 02:51:59,109 [INFO]  Login successful
2026-02-15 02:51:59,109 [INFO] Session: Bearer eyJhbGciOiJIU...
2026-02-15 02:51:59,109 [INFO] ================================================================================
2026-02-15 02:51:59,121 [INFO] CREATING DATA FEED: LIVE MODE
2026-02-15 02:51:59,121 [INFO] ================================================================================
2026-02-15 02:51:59,121 [INFO]  LIVE mode - initializing ENHANCED WebSocket
2026-02-15 02:51:59,124 [INFO]  Tick recorder: c:\Users\SANU\Desktop\New folder (2)\12 Feb Onwards\trading_system_fixed\tick_data
2026-02-15 02:51:59,126 [INFO]  Connecting WebSocket...
2026-02-15 02:51:59,267 [INFO] Websocket connected
2026-02-15 02:51:59,267 [INFO]  WebSocket connection opened
2026-02-15 02:51:59,268 [INFO]  WebSocket connected - LTP cache INVALIDATED
2026-02-15 02:51:59,269 [INFO]  Heartbeat watchdog started (timeout: 30.0s)
2026-02-15 02:51:59,270 [INFO]  LIVE data feed initialized
2026-02-15 02:51:59,271 [INFO] ================================================================================
2026-02-15 02:51:59,271 [INFO] CREATING BROKER: PAPER MODE
2026-02-15 02:51:59,271 [INFO] ================================================================================
2026-02-15 02:51:59,272 [INFO] TelegramNotifierTextOnly initialized (interval=60s)
2026-02-15 02:51:59,272 [INFO]  NOTIFIER PROTOCOL ASSERTION PASSED - all 9 methods verified
2026-02-15 02:52:02,549 [INFO] TelegramNotifierTextOnly started
2026-02-15 02:52:02,550 [INFO] ================================================================================
2026-02-15 02:52:02,550 [INFO]  NOTIFIER PROTOCOL VALIDATED
2026-02-15 02:52:02,551 [INFO] ================================================================================
2026-02-15 02:52:02,553 [INFO] All 9 required methods present
2026-02-15 02:52:02,555 [INFO] ================================================================================
2026-02-15 02:52:02,556 [INFO]  Telegram notifier started and validated
2026-02-15 02:52:02,561 [INFO]  Same day - preserving state
2026-02-15 02:52:02,570 [INFO]  PAPER TRADING MODE - Simulated orders only
2026-02-15 02:52:02,574 [INFO] ======================================================================
2026-02-15 02:52:02,583 [INFO]  EXECUTION GATEWAY INITIALIZED
2026-02-15 02:52:02,595 [INFO] ======================================================================
2026-02-15 02:52:02,596 [INFO] Rate Limit: 20 orders/minute
2026-02-15 02:52:02,596 [INFO] Max Daily Loss: 10000.0
2026-02-15 02:52:02,597 [INFO] Circuit Breaker: ENABLED
2026-02-15 02:52:02,613 [INFO] Kill Switch: OFF
2026-02-15 02:52:02,613 [INFO] No New Trades: NO
2026-02-15 02:52:02,614 [INFO] ======================================================================
2026-02-15 02:52:02,615 [INFO]  PaperBroker: ExecutionGateway integrated
2026-02-15 02:52:02,617 [INFO]  PaperBroker: API rate limit = 2.0 calls/sec
2026-02-15 02:52:03,911 [INFO]  Loaded 187043 instruments
2026-02-15 02:52:03,914 [INFO]  Notifier logging handler attached
2026-02-15 02:52:05,004 [INFO]  Sent system status: Login=SUCCESS, WS=PENDING
2026-02-15 02:52:38,227 [INFO]  SmartWebSocketV2 patched for signature safety
2026-02-15 02:52:38,246 [INFO] ================================================================================
2026-02-15 02:52:38,246 [INFO] NIFTY THETA STRATEGY v3.0 - PAPER MODE
2026-02-15 02:52:38,247 [INFO] ================================================================================
2026-02-15 02:52:38,341 [INFO]  Time drift: 2.316s
2026-02-15 02:52:38,341 [INFO]  Time sync OK
2026-02-15 02:52:38,341 [INFO] ================================================================================
2026-02-15 02:52:38,341 [INFO]  LOGGING IN TO ANGEL ONE
2026-02-15 02:52:38,342 [INFO] ================================================================================
2026-02-15 02:52:38,609 [INFO] Client Code: A300707
2026-02-15 02:52:38,609 [INFO] TOTP: 178349
2026-02-15 02:52:43,304 [INFO]  Login successful
2026-02-15 02:52:43,304 [INFO] Session: Bearer eyJhbGciOiJIU...
2026-02-15 02:52:43,304 [INFO] ================================================================================
2026-02-15 02:52:43,304 [INFO] CREATING DATA FEED: LIVE MODE
2026-02-15 02:52:43,309 [INFO] ================================================================================
2026-02-15 02:52:43,309 [INFO]  LIVE mode - initializing ENHANCED WebSocket
2026-02-15 02:52:43,311 [INFO]  Tick recorder: c:\Users\SANU\Desktop\New folder (2)\12 Feb Onwards\trading_system_fixed\tick_data
2026-02-15 02:52:43,312 [INFO]  Connecting WebSocket...
2026-02-15 02:52:43,468 [INFO] Websocket connected
2026-02-15 02:52:43,471 [INFO]  WebSocket connection opened
2026-02-15 02:52:43,472 [INFO]  WebSocket connected - LTP cache INVALIDATED
2026-02-15 02:52:43,473 [INFO]  Heartbeat watchdog started (timeout: 30.0s)
2026-02-15 02:52:43,473 [INFO]  LIVE data feed initialized
2026-02-15 02:52:43,474 [INFO] ================================================================================
2026-02-15 02:52:43,475 [INFO] CREATING BROKER: PAPER MODE
2026-02-15 02:52:43,475 [INFO] ================================================================================
2026-02-15 02:52:43,476 [INFO] TelegramNotifierTextOnly initialized (interval=60s)
2026-02-15 02:52:43,476 [INFO]  NOTIFIER PROTOCOL ASSERTION PASSED - all 9 methods verified
2026-02-15 02:52:46,682 [INFO] TelegramNotifierTextOnly started
2026-02-15 02:52:46,682 [INFO] ================================================================================
2026-02-15 02:52:46,683 [INFO]  NOTIFIER PROTOCOL VALIDATED
2026-02-15 02:52:46,683 [INFO] ================================================================================
2026-02-15 02:52:46,683 [INFO] All 9 required methods present
2026-02-15 02:52:46,684 [INFO] ================================================================================
2026-02-15 02:52:46,684 [INFO]  Telegram notifier started and validated
2026-02-15 02:52:46,685 [INFO]  Same day - preserving state
2026-02-15 02:52:46,690 [INFO]  PAPER TRADING MODE - Simulated orders only
2026-02-15 02:52:46,692 [INFO] ======================================================================
2026-02-15 02:52:46,692 [INFO]  EXECUTION GATEWAY INITIALIZED
2026-02-15 02:52:46,692 [INFO] ======================================================================
2026-02-15 02:52:46,693 [INFO] Rate Limit: 20 orders/minute
2026-02-15 02:52:46,693 [INFO] Max Daily Loss: 10000.0
2026-02-15 02:52:46,694 [INFO] Circuit Breaker: ENABLED
2026-02-15 02:52:46,694 [INFO] Kill Switch: OFF
2026-02-15 02:52:46,694 [INFO] No New Trades: NO
2026-02-15 02:52:46,694 [INFO] ======================================================================
2026-02-15 02:52:46,694 [INFO]  PaperBroker: ExecutionGateway integrated
2026-02-15 02:52:46,694 [INFO]  PaperBroker: API rate limit = 2.0 calls/sec
2026-02-15 02:52:47,709 [INFO]  Loaded 187043 instruments
2026-02-15 02:52:47,709 [INFO]  Notifier logging handler attached
2026-02-15 02:52:48,728 [INFO]  Sent system status: Login=SUCCESS, WS=PENDING
2026-02-15 02:52:51,253 [INFO] ================================================================================
2026-02-15 02:52:51,788 [INFO] [OK] NOTIFIER CONTRACT ASSERTION PASSED
2026-02-15 02:52:52,287 [INFO] ================================================================================
2026-02-15 02:52:52,799 [INFO] All 9 required methods verified
2026-02-15 02:52:53,280 [INFO] ================================================================================
2026-02-15 02:52:53,850 [INFO] [START] Starting strategy...
2026-02-15 02:52:54,326 [INFO] [SAFETY] Checking broker for open positions on startup...
2026-02-15 02:52:54,872 [INFO] [SAFETY] No open positions at broker - starting fresh
2026-02-15 02:52:55,385 [INFO]   STANDBY MODE: Market not open yet, subscribing to spot for heartbeat
2026-02-15 02:52:55,944 [INFO]  Appending: ticks_20260215.csv
2026-02-15 02:52:56,104 [INFO]  Subscribed 1/1 tokens on NSE
2026-02-15 02:52:56,893 [INFO] [OK] Standby subscription active - WebSocket alive, waiting for market open
2026-02-15 02:52:57,428 [INFO]  02:52:57 | STANDBY | P&L: Rs0.00 | Pos: 0
2026-02-15 02:52:57,438 [INFO] [OK] Strategy engine started
2026-02-15 02:52:58,457 [INFO] ================================================================================
2026-02-15 02:52:58,968 [INFO]  STRATEGY RUNNING
2026-02-15 02:52:59,480 [INFO] ================================================================================
2026-02-15 02:52:59,988 [INFO] Data Source: LIVE
2026-02-15 02:53:00,504 [INFO] Trading Mode: PAPER
2026-02-15 02:53:01,005 [INFO] Press Ctrl+C to stop
2026-02-15 02:53:01,525 [INFO] ================================================================================
2026-02-15 02:53:02,917 [INFO]  02:53:02 | STANDBY | P&L: Rs0.00 | Pos: 0
2026-02-15 02:53:08,476 [WARNING] [WARN] Feed health: {'status': 'CRITICAL', 'message': '0 critical, 1 degraded', 'connected': True, 'valid_ltp_count': 1, 'total_ltp_count': 1, 'subscribed_tokens': 1, 'mode': 'LIVE', 'last_tick_age': 12.531867265701294, 'reconnect_count': 1}
2026-02-15 02:53:09,000 [INFO]  02:53:09 | STANDBY | P&L: Rs0.00 | Pos: 0 | FEED: CRITICAL (0 critical, 1 degraded)
2026-02-15 02:53:14,516 [WARNING] [WARN] Feed health: {'status': 'CRITICAL', 'message': '0 critical, 1 degraded', 'connected': True, 'valid_ltp_count': 1, 'total_ltp_count': 1, 'subscribed_tokens': 1, 'mode': 'LIVE', 'last_tick_age': 18.572471141815186, 'reconnect_count': 1}
2026-02-15 02:53:15,039 [INFO]  02:53:15 | STANDBY | P&L: Rs0.00 | Pos: 0 | FEED: CRITICAL (0 critical, 1 degraded)
2026-02-15 02:53:20,515 [WARNING] [WARN] Feed health: {'status': 'CRITICAL', 'message': '0 critical, 1 degraded', 'connected': True, 'valid_ltp_count': 1, 'total_ltp_count': 1, 'subscribed_tokens': 1, 'mode': 'LIVE', 'last_tick_age': 24.570961713790894, 'reconnect_count': 1}
2026-02-15 02:53:21,081 [INFO]  02:53:21 | STANDBY | P&L: Rs0.00 | Pos: 0 | FEED: CRITICAL (0 critical, 1 degraded)
2026-02-15 02:53:26,600 [WARNING] [WARN] Feed health: {'status': 'DEAD', 'message': '1 tokens dead', 'connected': True, 'valid_ltp_count': 1, 'total_ltp_count': 1, 'subscribed_tokens': 1, 'mode': 'LIVE', 'last_tick_age': 30.656056880950928, 'reconnect_count': 1}
2026-02-15 02:53:27,124 [INFO]  02:53:27 | STANDBY | P&L: Rs0.00 | Pos: 0 | FEED: DEAD (1 tokens dead)
2026-02-15 02:53:32,598 [WARNING] [WARN] Feed health: {'status': 'DEAD', 'message': '1 tokens dead', 'connected': True, 'valid_ltp_count': 1, 'total_ltp_count': 1, 'subscribed_tokens': 1, 'mode': 'LIVE', 'last_tick_age': 36.65449094772339, 'reconnect_count': 1}
2026-02-15 02:53:33,170 [INFO]  02:53:33 | STANDBY | P&L: Rs0.00 | Pos: 0 | FEED: DEAD (1 tokens dead)
2026-02-15 02:53:33,476 [WARNING]  No ticks for 37.5s. Forcing reconnect.
2026-02-15 02:53:34,155 [WARNING] [PATCH] _on_close error (continuing): SmartWebSocketV2._on_close() takes 2 positional arguments but 4 were given
2026-02-15 02:53:38,640 [WARNING] [WARN] Feed health: {'status': 'DEAD', 'message': '1 tokens dead', 'connected': True, 'valid_ltp_count': 1, 'total_ltp_count': 1, 'subscribed_tokens': 1, 'mode': 'LIVE', 'last_tick_age': 42.69569110870361, 'reconnect_count': 1}
2026-02-15 02:53:39,315 [INFO]  02:53:39 | STANDBY | P&L: Rs0.00 | Pos: 0 | FEED: DEAD (1 tokens dead)
2026-02-15 02:53:44,156 [WARNING]  No ticks for 48.2s. Forcing reconnect.
2026-02-15 02:53:44,828 [WARNING] [WARN] Feed health: {'status': 'DEAD', 'message': '1 tokens dead', 'connected': True, 'valid_ltp_count': 1, 'total_ltp_count': 1, 'subscribed_tokens': 1, 'mode': 'LIVE', 'last_tick_age': 48.88386344909668, 'reconnect_count': 1}
2026-02-15 02:53:45,448 [INFO]  02:53:45 | STANDBY | P&L: Rs0.00 | Pos: 0 | FEED: DEAD (1 tokens dead)
2026-02-15 02:53:50,971 [WARNING] [WARN] Feed health: {'status': 'DEAD', 'message': '1 tokens dead', 'connected': True, 'valid_ltp_count': 1, 'total_ltp_count': 1, 'subscribed_tokens': 1, 'mode': 'LIVE', 'last_tick_age': 55.02699303627014, 'reconnect_count': 1}
2026-02-15 02:53:51,500 [INFO]  02:53:51 | STANDBY | P&L: Rs0.00 | Pos: 0 | FEED: DEAD (1 tokens dead)
2026-02-15 02:53:54,743 [WARNING]  No ticks for 58.8s. Forcing reconnect.
2026-02-15 02:53:56,973 [WARNING] [WARN] Feed health: {'status': 'DEAD', 'message': '1 tokens dead', 'connected': True, 'valid_ltp_count': 1, 'total_ltp_count': 1, 'subscribed_tokens': 1, 'mode': 'LIVE', 'last_tick_age': 61.02912735939026, 'reconnect_count': 1}
2026-02-15 02:53:57,536 [INFO]  02:53:57 | STANDBY | P&L: Rs0.00 | Pos: 0 | FEED: DEAD (1 tokens dead)
2026-02-15 02:54:03,055 [WARNING] [WARN] Feed health: {'status': 'DEAD', 'message': '1 tokens dead', 'connected': True, 'valid_ltp_count': 1, 'total_ltp_count': 1, 'subscribed_tokens': 1, 'mode': 'LIVE', 'last_tick_age': 67.11081600189209, 'reconnect_count': 1}
2026-02-15 02:54:03,519 [INFO]  02:54:03 | STANDBY | P&L: Rs0.00 | Pos: 0 | FEED: DEAD (1 tokens dead)
2026-02-15 02:54:05,290 [WARNING]  No ticks for 69.3s. Forcing reconnect.
2026-02-15 02:54:09,013 [WARNING] [WARN] Feed health: {'status': 'DEAD', 'message': '1 tokens dead', 'connected': True, 'valid_ltp_count': 1, 'total_ltp_count': 1, 'subscribed_tokens': 1, 'mode': 'LIVE', 'last_tick_age': 73.06916570663452, 'reconnect_count': 1}
2026-02-15 02:54:09,577 [INFO]  02:54:09 | STANDBY | P&L: Rs0.00 | Pos: 0 | FEED: DEAD (1 tokens dead)
2026-02-15 02:54:15,136 [WARNING] [WARN] Feed health: {'status': 'DEAD', 'message': '1 tokens dead', 'connected': True, 'valid_ltp_count': 1, 'total_ltp_count': 1, 'subscribed_tokens': 1, 'mode': 'LIVE', 'last_tick_age': 79.19204425811768, 'reconnect_count': 1}
2026-02-15 02:54:15,660 [INFO]  02:54:15 | STANDBY | P&L: Rs0.00 | Pos: 0 | FEED: DEAD (1 tokens dead)
2026-02-15 02:54:15,837 [WARNING]  No ticks for 79.9s. Forcing reconnect.
2026-02-15 02:54:21,179 [WARNING] [WARN] Feed health: {'status': 'DEAD', 'message': '1 tokens dead', 'connected': True, 'valid_ltp_count': 1, 'total_ltp_count': 1, 'subscribed_tokens': 1, 'mode': 'LIVE', 'last_tick_age': 85.23486280441284, 'reconnect_count': 1}
2026-02-15 02:54:21,679 [INFO]  02:54:21 | STANDBY | P&L: Rs0.00 | Pos: 0 | FEED: DEAD (1 tokens dead)
2026-02-15 02:54:26,691 [WARNING]  No ticks for 90.7s. Forcing reconnect.
2026-02-15 02:54:27,220 [WARNING] [WARN] Feed health: {'status': 'DEAD', 'message': '1 tokens dead', 'connected': True, 'valid_ltp_count': 1, 'total_ltp_count': 1, 'subscribed_tokens': 1, 'mode': 'LIVE', 'last_tick_age': 91.27600812911987, 'reconnect_count': 1}
2026-02-15 02:54:27,751 [INFO]  02:54:27 | STANDBY | P&L: Rs0.00 | Pos: 0 | FEED: DEAD (1 tokens dead)
2026-02-15 03:18:38,300 [INFO]  SmartWebSocketV2 patched for signature safety
2026-02-15 03:18:38,329 [INFO] ================================================================================
2026-02-15 03:18:38,330 [INFO] NIFTY THETA STRATEGY v3.0 - PAPER MODE
2026-02-15 03:18:38,330 [INFO] ================================================================================
2026-02-15 03:18:38,441 [INFO]  Time drift: 2.332s
2026-02-15 03:18:38,442 [INFO]  Time sync OK
2026-02-15 03:18:38,443 [INFO] ================================================================================
2026-02-15 03:18:38,444 [INFO]  LOGGING IN TO ANGEL ONE
2026-02-15 03:18:38,445 [INFO] ================================================================================
2026-02-15 03:18:38,798 [INFO] Client Code: A300707
2026-02-15 03:18:38,798 [INFO] TOTP: 795134
2026-02-15 03:18:40,516 [INFO]  Login successful
2026-02-15 03:18:40,519 [INFO] Session: Bearer eyJhbGciOiJIU...
2026-02-15 03:18:40,520 [INFO] ================================================================================
2026-02-15 03:18:40,521 [INFO] CREATING DATA FEED: LIVE MODE
2026-02-15 03:18:40,522 [INFO] ================================================================================
2026-02-15 03:18:40,523 [INFO]  LIVE mode - initializing ENHANCED WebSocket
2026-02-15 03:18:40,524 [INFO]  Tick recorder: c:\Users\SANU\Desktop\New folder (2)\12 Feb Onwards\trading_system_fixed\tick_data
2026-02-15 03:18:40,528 [INFO]  Connecting WebSocket...
2026-02-15 03:18:40,709 [INFO] Websocket connected
2026-02-15 03:18:40,712 [INFO]  WebSocket connection opened
2026-02-15 03:18:40,715 [INFO]  WebSocket connected - LTP cache INVALIDATED
2026-02-15 03:18:40,717 [INFO]  Heartbeat watchdog started (timeout: 30.0s)
2026-02-15 03:18:40,720 [INFO]  LIVE data feed initialized
2026-02-15 03:18:40,722 [INFO] ================================================================================
2026-02-15 03:18:40,724 [INFO] CREATING BROKER: PAPER MODE
2026-02-15 03:18:40,726 [INFO] ================================================================================
2026-02-15 03:18:40,727 [INFO] TelegramNotifierTextOnly initialized (interval=60s)
2026-02-15 03:18:40,727 [INFO]  NOTIFIER PROTOCOL ASSERTION PASSED - all 9 methods verified
2026-02-15 03:18:43,862 [INFO] TelegramNotifierTextOnly started
2026-02-15 03:18:43,863 [INFO] ================================================================================
2026-02-15 03:18:43,864 [INFO]  NOTIFIER PROTOCOL VALIDATED
2026-02-15 03:18:43,865 [INFO] ================================================================================
2026-02-15 03:18:43,866 [INFO] All 9 required methods present
2026-02-15 03:18:43,867 [INFO] ================================================================================
2026-02-15 03:18:43,868 [INFO]  Telegram notifier started and validated
2026-02-15 03:18:43,870 [INFO]  Same day - preserving state
2026-02-15 03:18:43,877 [INFO]  PAPER TRADING MODE - Simulated orders only
2026-02-15 03:18:43,879 [INFO] ======================================================================
2026-02-15 03:18:43,882 [INFO]  EXECUTION GATEWAY INITIALIZED
2026-02-15 03:18:43,884 [INFO] ======================================================================
2026-02-15 03:18:43,887 [INFO] Rate Limit: 20 orders/minute
2026-02-15 03:18:43,889 [INFO] Max Daily Loss: 10000.0
2026-02-15 03:18:43,894 [INFO] Circuit Breaker: ENABLED
2026-02-15 03:18:43,894 [INFO] Kill Switch: OFF
2026-02-15 03:18:43,895 [INFO] No New Trades: NO
2026-02-15 03:18:43,896 [INFO] ======================================================================
2026-02-15 03:18:43,897 [INFO]  PaperBroker: ExecutionGateway integrated
2026-02-15 03:18:43,898 [INFO]  PaperBroker: API rate limit = 2.0 calls/sec
2026-02-15 03:18:44,938 [INFO]  Loaded 187043 instruments
2026-02-15 03:18:44,938 [INFO]  Notifier logging handler attached
2026-02-15 03:18:46,010 [INFO]  Sent system status: Login=SUCCESS, WS=PENDING
2026-02-15 03:18:48,460 [INFO] ================================================================================
2026-02-15 03:18:48,982 [INFO] [OK] NOTIFIER CONTRACT ASSERTION PASSED
2026-02-15 03:18:49,415 [INFO] ================================================================================
2026-02-15 03:18:49,876 [INFO] All 9 required methods verified
2026-02-15 03:18:50,402 [INFO] ================================================================================
2026-02-15 03:18:50,932 [INFO] [START] Starting strategy...
2026-02-15 03:18:51,373 [INFO] [SAFETY] Checking broker for open positions on startup...
2026-02-15 03:18:51,841 [INFO] [SAFETY] No open positions at broker - starting fresh
2026-02-15 03:18:52,353 [INFO]   STANDBY MODE: Market not open yet, subscribing to spot for heartbeat
2026-02-15 03:18:52,906 [INFO]  Appending: ticks_20260215.csv
2026-02-15 03:18:53,073 [INFO]  Subscribed 1/1 tokens on NSE
2026-02-15 03:18:53,369 [ERROR]  Feed data processing error: main.<locals>._traced_update_snapshot() takes from 1 to 3 positional arguments but 4 were given
2026-02-15 03:18:53,906 [INFO] [OK] Standby subscription active - WebSocket alive, waiting for market open
2026-02-15 03:18:54,203 [WARNING] Telegram send failed: 400 {"ok":false,"error_code":400,"description":"Bad Request: can't parse entities: Unsupported start tag \"locals\" at byte offset 66"}
2026-02-15 03:18:55,228 [INFO]  03:18:55 | STANDBY | P&L: Rs0.00 | Pos: 0
2026-02-15 03:18:55,229 [INFO] [OK] Strategy engine started
2026-02-15 03:18:56,238 [INFO] ================================================================================
2026-02-15 03:18:56,754 [INFO]  STRATEGY RUNNING
2026-02-15 03:18:57,270 [INFO] ================================================================================
2026-02-15 03:18:57,787 [INFO] Data Source: LIVE
2026-02-15 03:18:58,307 [INFO] Trading Mode: PAPER
2026-02-15 03:18:58,800 [INFO] Press Ctrl+C to stop
2026-02-15 03:18:59,311 [INFO] ================================================================================
2026-02-15 03:19:00,751 [INFO]  03:19:00 | STANDBY | P&L: Rs0.00 | Pos: 0
2026-02-15 03:19:06,270 [WARNING] [WARN] Feed health: {'status': 'CRITICAL', 'message': '0 critical, 1 degraded', 'connected': True, 'valid_ltp_count': 1, 'total_ltp_count': 1, 'subscribed_tokens': 1, 'mode': 'LIVE', 'last_tick_age': 13.3640878200531, 'reconnect_count': 1}
2026-02-15 03:19:06,793 [INFO]  03:19:06 | STANDBY | P&L: Rs0.00 | Pos: 0 | FEED: CRITICAL (0 critical, 1 degraded)
2026-02-15 03:19:12,311 [WARNING] [WARN] Feed health: {'status': 'CRITICAL', 'message': '0 critical, 1 degraded', 'connected': True, 'valid_ltp_count': 1, 'total_ltp_count': 1, 'subscribed_tokens': 1, 'mode': 'LIVE', 'last_tick_age': 19.404582500457764, 'reconnect_count': 1}
2026-02-15 03:19:12,833 [INFO]  03:19:12 | STANDBY | P&L: Rs0.00 | Pos: 0 | FEED: CRITICAL (0 critical, 1 degraded)
2026-02-15 03:19:18,353 [WARNING] [WARN] Feed health: {'status': 'CRITICAL', 'message': '0 critical, 1 degraded', 'connected': True, 'valid_ltp_count': 1, 'total_ltp_count': 1, 'subscribed_tokens': 1, 'mode': 'LIVE', 'last_tick_age': 25.446727752685547, 'reconnect_count': 1}
2026-02-15 03:19:18,883 [INFO]  03:19:18 | STANDBY | P&L: Rs0.00 | Pos: 0 | FEED: CRITICAL (0 critical, 1 degraded)
2026-02-15 03:19:24,394 [WARNING] [WARN] Feed health: {'status': 'DEAD', 'message': '1 tokens dead', 'connected': True, 'valid_ltp_count': 1, 'total_ltp_count': 1, 'subscribed_tokens': 1, 'mode': 'LIVE', 'last_tick_age': 31.487566709518433, 'reconnect_count': 1}
2026-02-15 03:19:24,921 [INFO]  03:19:24 | STANDBY | P&L: Rs0.00 | Pos: 0 | FEED: DEAD (1 tokens dead)
2026-02-15 03:19:30,435 [WARNING] [WARN] Feed health: {'status': 'DEAD', 'message': '1 tokens dead', 'connected': True, 'valid_ltp_count': 1, 'total_ltp_count': 1, 'subscribed_tokens': 1, 'mode': 'LIVE', 'last_tick_age': 37.52844476699829, 'reconnect_count': 1}
2026-02-15 03:19:30,720 [WARNING]  No ticks for 37.8s. Forcing reconnect.
2026-02-15 03:19:30,899 [INFO]  03:19:30 | STANDBY | P&L: Rs0.00 | Pos: 0 | FEED: DEAD (1 tokens dead)
2026-02-15 03:19:31,408 [WARNING] [PATCH] _on_close error (continuing): SmartWebSocketV2._on_close() takes 2 positional arguments but 4 were given
2026-02-15 03:19:36,886 [WARNING] [WARN] Feed health: {'status': 'DEAD', 'message': '1 tokens dead', 'connected': True, 'valid_ltp_count': 1, 'total_ltp_count': 1, 'subscribed_tokens': 1, 'mode': 'LIVE', 'last_tick_age': 43.979413986206055, 'reconnect_count': 1}
2026-02-15 03:19:37,415 [INFO]  03:19:37 | STANDBY | P&L: Rs0.00 | Pos: 0 | FEED: DEAD (1 tokens dead)
2026-02-15 03:19:41,409 [WARNING]  No ticks for 48.5s. Forcing reconnect.
2026-02-15 03:19:42,880 [WARNING] [WARN] Feed health: {'status': 'DEAD', 'message': '1 tokens dead', 'connected': True, 'valid_ltp_count': 1, 'total_ltp_count': 1, 'subscribed_tokens': 1, 'mode': 'LIVE', 'last_tick_age': 49.97393751144409, 'reconnect_count': 1}
2026-02-15 03:19:43,339 [INFO]  03:19:43 | STANDBY | P&L: Rs0.00 | Pos: 0 | FEED: DEAD (1 tokens dead)
2026-02-15 03:19:48,865 [WARNING] [WARN] Feed health: {'status': 'DEAD', 'message': '1 tokens dead', 'connected': True, 'valid_ltp_count': 1, 'total_ltp_count': 1, 'subscribed_tokens': 1, 'mode': 'LIVE', 'last_tick_age': 55.95876622200012, 'reconnect_count': 1}
2026-02-15 03:19:49,394 [INFO]  03:19:49 | STANDBY | P&L: Rs0.00 | Pos: 0 | FEED: DEAD (1 tokens dead)
2026-02-15 03:19:51,862 [WARNING]  No ticks for 59.0s. Forcing reconnect.
2026-02-15 03:19:54,908 [WARNING] [WARN] Feed health: {'status': 'DEAD', 'message': '1 tokens dead', 'connected': True, 'valid_ltp_count': 1, 'total_ltp_count': 1, 'subscribed_tokens': 1, 'mode': 'LIVE', 'last_tick_age': 62.001681089401245, 'reconnect_count': 1}
2026-02-15 03:19:55,439 [INFO]  03:19:55 | STANDBY | P&L: Rs0.00 | Pos: 0 | FEED: DEAD (1 tokens dead)
2026-02-15 03:20:00,951 [WARNING] [WARN] Feed health: {'status': 'DEAD', 'message': '1 tokens dead', 'connected': True, 'valid_ltp_count': 1, 'total_ltp_count': 1, 'subscribed_tokens': 1, 'mode': 'LIVE', 'last_tick_age': 68.04452991485596, 'reconnect_count': 1}
2026-02-15 03:20:01,400 [INFO]  03:20:01 | STANDBY | P&L: Rs0.00 | Pos: 0 | FEED: DEAD (1 tokens dead)
2026-02-15 03:20:02,365 [WARNING]  No ticks for 69.5s. Forcing reconnect.
2026-02-15 03:20:06,896 [WARNING] [WARN] Feed health: {'status': 'DEAD', 'message': '1 tokens dead', 'connected': True, 'valid_ltp_count': 1, 'total_ltp_count': 1, 'subscribed_tokens': 1, 'mode': 'LIVE', 'last_tick_age': 73.9890968799591, 'reconnect_count': 1}
2026-02-15 03:20:07,414 [INFO]  03:20:07 | STANDBY | P&L: Rs0.00 | Pos: 0 | FEED: DEAD (1 tokens dead)
2026-02-15 03:20:12,911 [WARNING]  No ticks for 80.0s. Forcing reconnect.
2026-02-15 03:20:12,930 [WARNING] [WARN] Feed health: {'status': 'DEAD', 'message': '1 tokens dead', 'connected': True, 'valid_ltp_count': 1, 'total_ltp_count': 1, 'subscribed_tokens': 1, 'mode': 'LIVE', 'last_tick_age': 80.02360439300537, 'reconnect_count': 1}
2026-02-15 03:20:13,970 [INFO]  03:20:13 | STANDBY | P&L: Rs0.00 | Pos: 0 | FEED: DEAD (1 tokens dead)
2026-02-15 03:20:19,483 [WARNING] [WARN] Feed health: {'status': 'DEAD', 'message': '1 tokens dead', 'connected': True, 'valid_ltp_count': 1, 'total_ltp_count': 1, 'subscribed_tokens': 1, 'mode': 'LIVE', 'last_tick_age': 86.57700181007385, 'reconnect_count': 1}
2026-02-15 03:20:20,014 [INFO]  03:20:20 | STANDBY | P&L: Rs0.00 | Pos: 0 | FEED: DEAD (1 tokens dead)
2026-02-15 03:20:23,459 [WARNING]  No ticks for 90.6s. Forcing reconnect.
2026-02-15 03:20:25,524 [WARNING] [WARN] Feed health: {'status': 'DEAD', 'message': '1 tokens dead', 'connected': True, 'valid_ltp_count': 1, 'total_ltp_count': 1, 'subscribed_tokens': 1, 'mode': 'LIVE', 'last_tick_age': 92.61805057525635, 'reconnect_count': 1}
2026-02-15 03:20:26,156 [INFO]  03:20:26 | STANDBY | P&L: Rs0.00 | Pos: 0 | FEED: DEAD (1 tokens dead)
2026-02-15 03:20:31,604 [WARNING] [WARN] Feed health: {'status': 'DEAD', 'message': '1 tokens dead', 'connected': True, 'valid_ltp_count': 1, 'total_ltp_count': 1, 'subscribed_tokens': 1, 'mode': 'LIVE', 'last_tick_age': 98.69729590415955, 'reconnect_count': 1}
2026-02-15 03:20:32,094 [INFO]  03:20:32 | STANDBY | P&L: Rs0.00 | Pos: 0 | FEED: DEAD (1 tokens dead)
2026-02-15 03:20:33,911 [WARNING]  No ticks for 101.0s. Forcing reconnect.
2026-02-15 03:20:37,550 [WARNING] [WARN] Feed health: {'status': 'DEAD', 'message': '1 tokens dead', 'connected': True, 'valid_ltp_count': 1, 'total_ltp_count': 1, 'subscribed_tokens': 1, 'mode': 'LIVE', 'last_tick_age': 104.64277696609497, 'reconnect_count': 1}
2026-02-15 03:20:38,003 [INFO]  03:20:38 | STANDBY | P&L: Rs0.00 | Pos: 0 | FEED: DEAD (1 tokens dead)
2026-02-15 03:20:43,549 [WARNING] [WARN] Feed health: {'status': 'DEAD', 'message': '1 tokens dead', 'connected': True, 'valid_ltp_count': 1, 'total_ltp_count': 1, 'subscribed_tokens': 1, 'mode': 'LIVE', 'last_tick_age': 110.64259839057922, 'reconnect_count': 1}
2026-02-15 03:20:44,280 [INFO]  03:20:44 | STANDBY | P&L: Rs0.00 | Pos: 0 | FEED: DEAD (1 tokens dead)
2026-02-15 03:20:44,452 [WARNING]  No ticks for 111.5s. Forcing reconnect.
2026-02-15 03:20:49,796 [WARNING] [WARN] Feed health: {'status': 'DEAD', 'message': '1 tokens dead', 'connected': True, 'valid_ltp_count': 1, 'total_ltp_count': 1, 'subscribed_tokens': 1, 'mode': 'LIVE', 'last_tick_age': 116.88975548744202, 'reconnect_count': 1}
2026-02-15 03:20:50,326 [INFO]  03:20:50 | STANDBY | P&L: Rs0.00 | Pos: 0 | FEED: DEAD (1 tokens dead)
2026-02-15 03:20:55,306 [WARNING]  No ticks for 122.4s. Forcing reconnect.
2026-02-15 03:20:55,836 [WARNING] [WARN] Feed health: {'status': 'DEAD', 'message': '1 tokens dead', 'connected': True, 'valid_ltp_count': 1, 'total_ltp_count': 1, 'subscribed_tokens': 1, 'mode': 'LIVE', 'last_tick_age': 122.9292004108429, 'reconnect_count': 1}
2026-02-15 03:20:56,300 [INFO]  03:20:56 | STANDBY | P&L: Rs0.00 | Pos: 0 | FEED: DEAD (1 tokens dead)
2026-02-15 03:21:01,777 [WARNING] [WARN] Feed health: {'status': 'DEAD', 'message': '1 tokens dead', 'connected': True, 'valid_ltp_count': 1, 'total_ltp_count': 1, 'subscribed_tokens': 1, 'mode': 'LIVE', 'last_tick_age': 128.87040042877197, 'reconnect_count': 1}
2026-02-15 03:21:02,229 [INFO]  03:21:02 | STANDBY | P&L: Rs0.00 | Pos: 0 | FEED: DEAD (1 tokens dead)
2026-02-15 03:21:05,854 [WARNING]  No ticks for 132.9s. Forcing reconnect.
2026-02-15 03:21:07,714 [WARNING] [WARN] Feed health: {'status': 'DEAD', 'message': '1 tokens dead', 'connected': True, 'valid_ltp_count': 1, 'total_ltp_count': 1, 'subscribed_tokens': 1, 'mode': 'LIVE', 'last_tick_age': 134.8075954914093, 'reconnect_count': 1}
2026-02-15 03:21:08,243 [INFO]  03:21:08 | STANDBY | P&L: Rs0.00 | Pos: 0 | FEED: DEAD (1 tokens dead)
2026-02-15 03:21:13,756 [WARNING] [WARN] Feed health: {'status': 'DEAD', 'message': '1 tokens dead', 'connected': True, 'valid_ltp_count': 1, 'total_ltp_count': 1, 'subscribed_tokens': 1, 'mode': 'LIVE', 'last_tick_age': 140.8497142791748, 'reconnect_count': 1}
2026-02-15 03:21:14,277 [INFO]  03:21:14 | STANDBY | P&L: Rs0.00 | Pos: 0 | FEED: DEAD (1 tokens dead)
2026-02-15 03:21:16,401 [WARNING]  No ticks for 143.5s. Forcing reconnect.
2026-02-15 03:21:19,797 [WARNING] [WARN] Feed health: {'status': 'DEAD', 'message': '1 tokens dead', 'connected': True, 'valid_ltp_count': 1, 'total_ltp_count': 1, 'subscribed_tokens': 1, 'mode': 'LIVE', 'last_tick_age': 146.89035296440125, 'reconnect_count': 1}
2026-02-15 03:21:36,291 [INFO]  SmartWebSocketV2 patched for signature safety
2026-02-15 03:21:36,354 [INFO] ================================================================================
2026-02-15 03:21:36,354 [INFO] NIFTY THETA STRATEGY v3.0 - PAPER MODE
2026-02-15 03:21:36,359 [INFO] ================================================================================
2026-02-15 03:21:36,466 [INFO]  Time drift: 2.335s
2026-02-15 03:21:36,467 [INFO]  Time sync OK
2026-02-15 03:21:36,468 [INFO] ================================================================================
2026-02-15 03:21:36,469 [INFO]  LOGGING IN TO ANGEL ONE
2026-02-15 03:21:36,471 [INFO] ================================================================================
2026-02-15 03:21:36,826 [INFO] Client Code: A300707
2026-02-15 03:21:36,826 [INFO] TOTP: 430799
2026-02-15 03:21:38,384 [INFO]  Login successful
2026-02-15 03:21:38,395 [INFO] Session: Bearer eyJhbGciOiJIU...
2026-02-15 03:21:38,396 [INFO] ================================================================================
2026-02-15 03:21:38,398 [INFO] CREATING DATA FEED: LIVE MODE
2026-02-15 03:21:38,399 [INFO] ================================================================================
2026-02-15 03:21:38,401 [INFO]  LIVE mode - initializing ENHANCED WebSocket
2026-02-15 03:21:38,403 [INFO]  Tick recorder: c:\Users\SANU\Desktop\New folder (2)\12 Feb Onwards\trading_system_fixed\tick_data
2026-02-15 03:21:38,406 [INFO]  Connecting WebSocket...
2026-02-15 03:21:38,810 [INFO] Websocket connected
2026-02-15 03:21:38,817 [INFO]  WebSocket connection opened
2026-02-15 03:21:38,819 [INFO]  WebSocket connected - LTP cache INVALIDATED
2026-02-15 03:21:38,821 [INFO]  Heartbeat watchdog started (timeout: 30.0s)
2026-02-15 03:21:38,824 [INFO]  LIVE data feed initialized
2026-02-15 03:21:38,826 [INFO] ================================================================================
2026-02-15 03:21:38,830 [INFO] CREATING BROKER: PAPER MODE
2026-02-15 03:21:38,831 [INFO] ================================================================================
2026-02-15 03:21:38,835 [INFO] TelegramNotifierTextOnly initialized (interval=60s)
2026-02-15 03:21:38,839 [INFO]  NOTIFIER PROTOCOL ASSERTION PASSED - all 9 methods verified
2026-02-15 03:21:43,007 [INFO] TelegramNotifierTextOnly started
2026-02-15 03:21:43,008 [INFO] ================================================================================
2026-02-15 03:21:43,009 [INFO]  NOTIFIER PROTOCOL VALIDATED
2026-02-15 03:21:43,010 [INFO] ================================================================================
2026-02-15 03:21:43,011 [INFO] All 9 required methods present
2026-02-15 03:21:43,012 [INFO] ================================================================================
2026-02-15 03:21:43,013 [INFO]  Telegram notifier started and validated
2026-02-15 03:21:43,017 [INFO]  Same day - preserving state
2026-02-15 03:21:43,026 [INFO]  PAPER TRADING MODE - Simulated orders only
2026-02-15 03:21:43,028 [INFO] ======================================================================
2026-02-15 03:21:43,029 [INFO]  EXECUTION GATEWAY INITIALIZED
2026-02-15 03:21:43,029 [INFO] ======================================================================
2026-02-15 03:21:43,032 [INFO] Rate Limit: 20 orders/minute
2026-02-15 03:21:43,032 [INFO] Max Daily Loss: 10000.0
2026-02-15 03:21:43,033 [INFO] Circuit Breaker: ENABLED
2026-02-15 03:21:43,035 [INFO] Kill Switch: OFF
2026-02-15 03:21:43,036 [INFO] No New Trades: NO
2026-02-15 03:21:43,038 [INFO] ======================================================================
2026-02-15 03:21:43,039 [INFO]  PaperBroker: ExecutionGateway integrated
2026-02-15 03:21:43,040 [INFO]  PaperBroker: API rate limit = 2.0 calls/sec
2026-02-15 03:21:44,333 [INFO]  Loaded 187043 instruments
2026-02-15 03:21:44,333 [INFO]  Notifier logging handler attached
2026-02-15 03:21:45,393 [INFO]  Sent system status: Login=SUCCESS, WS=PENDING
2026-02-15 03:21:47,855 [INFO] ================================================================================
2026-02-15 03:21:48,384 [INFO] [OK] NOTIFIER CONTRACT ASSERTION PASSED
2026-02-15 03:21:48,889 [INFO] ================================================================================
2026-02-15 03:21:49,407 [INFO] All 9 required methods verified
2026-02-15 03:21:49,854 [INFO] ================================================================================
2026-02-15 03:21:50,432 [INFO] [START] Starting strategy...
2026-02-15 03:21:50,908 [INFO] [SAFETY] Checking broker for open positions on startup...
2026-02-15 03:21:51,456 [INFO] [SAFETY] No open positions at broker - starting fresh
2026-02-15 03:21:52,684 [INFO]   STANDBY MODE: Market not open yet, subscribing to spot for heartbeat
2026-02-15 03:21:53,244 [INFO]  Appending: ticks_20260215.csv
2026-02-15 03:21:53,397 [INFO]  Subscribed 1/1 tokens on NSE
2026-02-15 03:21:53,811 [ERROR]  Feed data processing error: main.<locals>._traced_update_snapshot() takes from 1 to 3 positional arguments but 4 were given
2026-02-15 03:21:54,331 [INFO] [OK] Standby subscription active - WebSocket alive, waiting for market open
2026-02-15 03:21:54,630 [WARNING] Telegram send failed: 400 {"ok":false,"error_code":400,"description":"Bad Request: can't parse entities: Unsupported start tag \"locals\" at byte offset 66"}
2026-02-15 03:21:55,658 [INFO]  03:21:55 | STANDBY | P&L: Rs0.00 | Pos: 0
2026-02-15 03:21:55,660 [INFO] [OK] Strategy engine started
2026-02-15 03:21:57,505 [INFO] ================================================================================
2026-02-15 03:21:58,008 [INFO]  STRATEGY RUNNING
2026-02-15 03:21:58,469 [INFO] ================================================================================
2026-02-15 03:21:58,983 [INFO] Data Source: LIVE
2026-02-15 03:21:59,546 [INFO] Trading Mode: PAPER
2026-02-15 03:22:00,158 [INFO] Press Ctrl+C to stop
2026-02-15 03:22:00,671 [INFO] ================================================================================
2026-02-15 03:22:01,577 [INFO]  03:22:01 | STANDBY | P&L: Rs0.00 | Pos: 0
2026-02-15 03:22:07,033 [WARNING] [WARN] Feed health: {'status': 'CRITICAL', 'message': '0 critical, 1 degraded', 'connected': True, 'valid_ltp_count': 1, 'total_ltp_count': 1, 'subscribed_tokens': 1, 'mode': 'LIVE', 'last_tick_age': 13.79017972946167, 'reconnect_count': 1}
2026-02-15 03:22:07,938 [INFO]  03:22:07 | STANDBY | P&L: Rs0.00 | Pos: 0 | FEED: CRITICAL (0 critical, 1 degraded)
2026-02-15 03:22:13,453 [WARNING] [WARN] Feed health: {'status': 'CRITICAL', 'message': '0 critical, 1 degraded', 'connected': True, 'valid_ltp_count': 1, 'total_ltp_count': 1, 'subscribed_tokens': 1, 'mode': 'LIVE', 'last_tick_age': 20.21032166481018, 'reconnect_count': 1}
2026-02-15 03:22:13,978 [INFO]  03:22:13 | STANDBY | P&L: Rs0.00 | Pos: 0 | FEED: CRITICAL (0 critical, 1 degraded)
2026-02-15 03:22:19,497 [WARNING] [WARN] Feed health: {'status': 'CRITICAL', 'message': '0 critical, 1 degraded', 'connected': True, 'valid_ltp_count': 1, 'total_ltp_count': 1, 'subscribed_tokens': 1, 'mode': 'LIVE', 'last_tick_age': 26.25379776954651, 'reconnect_count': 1}
2026-02-15 03:22:20,025 [INFO]  03:22:20 | STANDBY | P&L: Rs0.00 | Pos: 0 | FEED: CRITICAL (0 critical, 1 degraded)
2026-02-15 03:22:25,536 [WARNING] [WARN] Feed health: {'status': 'DEAD', 'message': '1 tokens dead', 'connected': True, 'valid_ltp_count': 1, 'total_ltp_count': 1, 'subscribed_tokens': 1, 'mode': 'LIVE', 'last_tick_age': 32.29300928115845, 'reconnect_count': 1}
2026-02-15 03:22:26,066 [INFO]  03:22:26 | STANDBY | P&L: Rs0.00 | Pos: 0 | FEED: DEAD (1 tokens dead)
2026-02-15 03:22:28,827 [WARNING]  No ticks for 35.6s. Forcing reconnect.
2026-02-15 03:22:29,391 [WARNING] [PATCH] _on_close error (continuing): SmartWebSocketV2._on_close() takes 2 positional arguments but 4 were given
2026-02-15 03:22:31,579 [WARNING] [WARN] Feed health: {'status': 'DEAD', 'message': '1 tokens dead', 'connected': True, 'valid_ltp_count': 1, 'total_ltp_count': 1, 'subscribed_tokens': 1, 'mode': 'LIVE', 'last_tick_age': 38.33605766296387, 'reconnect_count': 1}
2026-02-15 03:22:32,109 [INFO]  03:22:32 | STANDBY | P&L: Rs0.00 | Pos: 0 | FEED: DEAD (1 tokens dead)
2026-02-15 03:23:36,396 [INFO]  SmartWebSocketV2 patched for signature safety
2026-02-15 03:23:36,420 [INFO] ================================================================================
2026-02-15 03:23:36,421 [INFO] NIFTY THETA STRATEGY v3.0 - PAPER MODE
2026-02-15 03:23:36,421 [INFO] ================================================================================
2026-02-15 03:23:36,537 [INFO]  Time drift: 2.339s
2026-02-15 03:23:36,538 [INFO]  Time sync OK
2026-02-15 03:23:36,539 [INFO] ================================================================================
2026-02-15 03:23:36,541 [INFO]  LOGGING IN TO ANGEL ONE
2026-02-15 03:23:36,542 [INFO] ================================================================================
2026-02-15 03:23:36,885 [INFO] Client Code: A300707
2026-02-15 03:23:36,886 [INFO] TOTP: 011316
2026-02-15 03:23:38,805 [INFO]  Login successful
2026-02-15 03:23:38,807 [INFO] Session: Bearer eyJhbGciOiJIU...
2026-02-15 03:23:38,807 [INFO] ================================================================================
2026-02-15 03:23:38,808 [INFO] CREATING DATA FEED: LIVE MODE
2026-02-15 03:23:38,808 [INFO] ================================================================================
2026-02-15 03:23:38,808 [INFO]  LIVE mode - initializing ENHANCED WebSocket
2026-02-15 03:23:38,809 [INFO]  Tick recorder: c:\Users\SANU\Desktop\New folder (2)\12 Feb Onwards\trading_system_fixed\tick_data
2026-02-15 03:23:38,809 [INFO]  Connecting WebSocket...
2026-02-15 03:23:39,014 [INFO] Websocket connected
2026-02-15 03:23:39,015 [INFO]  WebSocket connection opened
2026-02-15 03:23:39,016 [INFO]  WebSocket connected - LTP cache INVALIDATED
2026-02-15 03:23:39,019 [INFO]  Heartbeat watchdog started (timeout: 30.0s)
2026-02-15 03:23:39,019 [INFO]  LIVE data feed initialized
2026-02-15 03:23:39,020 [INFO] ================================================================================
2026-02-15 03:23:39,020 [INFO] CREATING BROKER: PAPER MODE
2026-02-15 03:23:39,020 [INFO] ================================================================================
2026-02-15 03:23:39,021 [INFO] TelegramNotifierTextOnly initialized (interval=60s)
2026-02-15 03:23:39,021 [INFO]  NOTIFIER PROTOCOL ASSERTION PASSED - all 9 methods verified
2026-02-15 03:24:06,582 [INFO]  SmartWebSocketV2 patched for signature safety
2026-02-15 03:24:06,603 [INFO] ================================================================================
2026-02-15 03:24:06,603 [INFO] NIFTY THETA STRATEGY v3.0 - PAPER MODE
2026-02-15 03:24:06,603 [INFO] ================================================================================
2026-02-15 03:24:06,707 [INFO]  Time drift: 2.337s
2026-02-15 03:24:06,707 [INFO]  Time sync OK
2026-02-15 03:24:06,708 [INFO] ================================================================================
2026-02-15 03:24:06,708 [INFO]  LOGGING IN TO ANGEL ONE
2026-02-15 03:24:06,709 [INFO] ================================================================================
2026-02-15 03:24:06,997 [INFO] Client Code: A300707
2026-02-15 03:24:06,998 [INFO] TOTP: 628458
2026-02-15 03:24:08,433 [INFO]  Login successful
2026-02-15 03:24:08,439 [INFO] Session: Bearer eyJhbGciOiJIU...
2026-02-15 03:24:08,440 [INFO] ================================================================================
2026-02-15 03:24:08,441 [INFO] CREATING DATA FEED: LIVE MODE
2026-02-15 03:24:08,442 [INFO] ================================================================================
2026-02-15 03:24:08,442 [INFO]  LIVE mode - initializing ENHANCED WebSocket
2026-02-15 03:24:08,445 [INFO]  Tick recorder: c:\Users\SANU\Desktop\New folder (2)\12 Feb Onwards\trading_system_fixed\tick_data
2026-02-15 03:24:08,445 [INFO]  Connecting WebSocket...
2026-02-15 03:24:08,606 [INFO] Websocket connected
2026-02-15 03:24:08,607 [INFO]  WebSocket connection opened
2026-02-15 03:24:08,608 [INFO]  WebSocket connected - LTP cache INVALIDATED
2026-02-15 03:24:08,609 [INFO]  Heartbeat watchdog started (timeout: 30.0s)
2026-02-15 03:24:08,610 [INFO]  LIVE data feed initialized
2026-02-15 03:24:08,611 [INFO] ================================================================================
2026-02-15 03:24:08,611 [INFO] CREATING BROKER: PAPER MODE
2026-02-15 03:24:08,612 [INFO] ================================================================================
2026-02-15 03:24:08,613 [INFO] TelegramNotifierTextOnly initialized (interval=60s)
2026-02-15 03:24:08,614 [INFO]  NOTIFIER PROTOCOL ASSERTION PASSED - all 9 methods verified
2026-02-15 03:24:11,947 [INFO] TelegramNotifierTextOnly started
2026-02-15 03:24:11,948 [INFO] ================================================================================
2026-02-15 03:24:11,950 [INFO]  NOTIFIER PROTOCOL VALIDATED
2026-02-15 03:24:11,950 [INFO] ================================================================================
2026-02-15 03:24:11,951 [INFO] All 9 required methods present
2026-02-15 03:24:11,952 [INFO] ================================================================================
2026-02-15 03:24:11,953 [INFO]  Telegram notifier started and validated
2026-02-15 03:24:11,956 [INFO]  Same day - preserving state
2026-02-15 03:24:11,963 [INFO]  PAPER TRADING MODE - Simulated orders only
2026-02-15 03:24:11,963 [INFO] ======================================================================
2026-02-15 03:24:11,963 [INFO]  EXECUTION GATEWAY INITIALIZED
2026-02-15 03:24:11,963 [INFO] ======================================================================
2026-02-15 03:24:11,963 [INFO] Rate Limit: 20 orders/minute
2026-02-15 03:24:11,963 [INFO] Max Daily Loss: 10000.0
2026-02-15 03:24:11,971 [INFO] Circuit Breaker: ENABLED
2026-02-15 03:24:11,975 [INFO] Kill Switch: OFF
2026-02-15 03:24:11,975 [INFO] No New Trades: NO
2026-02-15 03:24:11,978 [INFO] ======================================================================
2026-02-15 03:24:11,979 [INFO]  PaperBroker: ExecutionGateway integrated
2026-02-15 03:24:11,981 [INFO]  PaperBroker: API rate limit = 2.0 calls/sec
2026-02-15 03:24:13,023 [INFO]  Loaded 187043 instruments
2026-02-15 03:24:13,032 [INFO]  Notifier logging handler attached
2026-02-15 03:24:14,090 [INFO]  Sent system status: Login=SUCCESS, WS=PENDING
2026-02-15 03:24:16,610 [INFO] ================================================================================
2026-02-15 03:24:17,362 [INFO] [OK] NOTIFIER CONTRACT ASSERTION PASSED
2026-02-15 03:24:17,874 [INFO] ================================================================================
2026-02-15 03:24:18,397 [INFO] All 9 required methods verified
2026-02-15 03:24:18,903 [INFO] ================================================================================
2026-02-15 03:24:19,423 [INFO] [START] Starting strategy...
2026-02-15 03:24:19,930 [INFO] [SAFETY] Checking broker for open positions on startup...
2026-02-15 03:24:20,446 [INFO] [SAFETY] No open positions at broker - starting fresh
2026-02-15 03:24:20,957 [INFO]   STANDBY MODE: Market not open yet, subscribing to spot for heartbeat
2026-02-15 03:24:21,504 [INFO]  Appending: ticks_20260215.csv
2026-02-15 03:24:21,671 [INFO]  Subscribed 1/1 tokens on NSE
2026-02-15 03:24:22,084 [ERROR]  Feed data processing error: main.<locals>._traced_update_snapshot() takes from 1 to 3 positional arguments but 4 were given
2026-02-15 03:24:22,604 [INFO] [OK] Standby subscription active - WebSocket alive, waiting for market open
2026-02-15 03:24:22,902 [WARNING] Telegram send failed: 400 {"ok":false,"error_code":400,"description":"Bad Request: can't parse entities: Unsupported start tag \"locals\" at byte offset 66"}
2026-02-15 03:24:23,928 [INFO]  03:24:23 | STANDBY | P&L: Rs0.00 | Pos: 0
2026-02-15 03:24:23,929 [INFO] [OK] Strategy engine started
2026-02-15 03:24:24,951 [INFO] ================================================================================
2026-02-15 03:24:25,462 [INFO]  STRATEGY RUNNING
2026-02-15 03:24:25,973 [INFO] ================================================================================
2026-02-15 03:24:26,484 [INFO] Data Source: LIVE
2026-02-15 03:24:26,987 [INFO] Trading Mode: PAPER
2026-02-15 03:24:27,498 [INFO] Press Ctrl+C to stop
2026-02-15 03:24:28,011 [INFO] ================================================================================
2026-02-15 03:24:29,439 [INFO]  03:24:29 | STANDBY | P&L: Rs0.00 | Pos: 0
2026-02-15 03:24:34,969 [WARNING] [WARN] Feed health: {'status': 'CRITICAL', 'message': '0 critical, 1 degraded', 'connected': True, 'valid_ltp_count': 1, 'total_ltp_count': 1, 'subscribed_tokens': 1, 'mode': 'LIVE', 'last_tick_age': 13.465487957000732, 'reconnect_count': 1}
2026-02-15 03:24:35,497 [INFO]  03:24:35 | STANDBY | P&L: Rs0.00 | Pos: 0 | FEED: CRITICAL (0 critical, 1 degraded)
2026-02-15 03:24:41,011 [WARNING] [WARN] Feed health: {'status': 'CRITICAL', 'message': '0 critical, 1 degraded', 'connected': True, 'valid_ltp_count': 1, 'total_ltp_count': 1, 'subscribed_tokens': 1, 'mode': 'LIVE', 'last_tick_age': 19.507139921188354, 'reconnect_count': 1}
2026-02-15 03:24:41,535 [INFO]  03:24:41 | STANDBY | P&L: Rs0.00 | Pos: 0 | FEED: CRITICAL (0 critical, 1 degraded)
2026-02-15 03:24:47,054 [WARNING] [WARN] Feed health: {'status': 'CRITICAL', 'message': '0 critical, 1 degraded', 'connected': True, 'valid_ltp_count': 1, 'total_ltp_count': 1, 'subscribed_tokens': 1, 'mode': 'LIVE', 'last_tick_age': 25.55043077468872, 'reconnect_count': 1}
2026-02-15 03:24:47,583 [INFO]  03:24:47 | STANDBY | P&L: Rs0.00 | Pos: 0 | FEED: CRITICAL (0 critical, 1 degraded)
2026-02-15 03:24:53,094 [WARNING] [WARN] Feed health: {'status': 'DEAD', 'message': '1 tokens dead', 'connected': True, 'valid_ltp_count': 1, 'total_ltp_count': 1, 'subscribed_tokens': 1, 'mode': 'LIVE', 'last_tick_age': 31.590977668762207, 'reconnect_count': 1}
2026-02-15 03:24:53,624 [INFO]  03:24:53 | STANDBY | P&L: Rs0.00 | Pos: 0 | FEED: DEAD (1 tokens dead)
2026-02-15 03:24:58,625 [WARNING]  No ticks for 37.1s. Forcing reconnect.
2026-02-15 03:24:59,137 [WARNING] [WARN] Feed health: {'status': 'DEAD', 'message': '1 tokens dead', 'connected': True, 'valid_ltp_count': 1, 'total_ltp_count': 1, 'subscribed_tokens': 1, 'mode': 'LIVE', 'last_tick_age': 37.63310956954956, 'reconnect_count': 1}
2026-02-15 03:24:59,199 [WARNING] [PATCH] _on_close error (continuing): SmartWebSocketV2._on_close() takes 2 positional arguments but 4 were given
2026-02-15 03:24:59,666 [INFO]  03:24:59 | STANDBY | P&L: Rs0.00 | Pos: 0 | FEED: DEAD (1 tokens dead)
2026-02-15 03:25:05,650 [WARNING] [WARN] Feed health: {'status': 'DEAD', 'message': '1 tokens dead', 'connected': True, 'valid_ltp_count': 1, 'total_ltp_count': 1, 'subscribed_tokens': 1, 'mode': 'LIVE', 'last_tick_age': 44.146517276763916, 'reconnect_count': 1}
2026-02-15 03:25:06,201 [INFO]  03:25:06 | STANDBY | P&L: Rs0.00 | Pos: 0 | FEED: DEAD (1 tokens dead)
2026-02-15 03:25:09,201 [WARNING]  No ticks for 47.7s. Forcing reconnect.
2026-02-15 03:25:11,730 [WARNING] [WARN] Feed health: {'status': 'DEAD', 'message': '1 tokens dead', 'connected': True, 'valid_ltp_count': 1, 'total_ltp_count': 1, 'subscribed_tokens': 1, 'mode': 'LIVE', 'last_tick_age': 50.22640562057495, 'reconnect_count': 1}
2026-02-15 03:25:12,259 [INFO]  03:25:12 | STANDBY | P&L: Rs0.00 | Pos: 0 | FEED: DEAD (1 tokens dead)
2026-02-15 03:25:17,772 [WARNING] [WARN] Feed health: {'status': 'DEAD', 'message': '1 tokens dead', 'connected': True, 'valid_ltp_count': 1, 'total_ltp_count': 1, 'subscribed_tokens': 1, 'mode': 'LIVE', 'last_tick_age': 56.26886200904846, 'reconnect_count': 1}
2026-02-15 03:25:18,286 [INFO]  03:25:18 | STANDBY | P&L: Rs0.00 | Pos: 0 | FEED: DEAD (1 tokens dead)
2026-02-15 03:25:19,670 [WARNING]  No ticks for 58.2s. Forcing reconnect.
2026-02-15 03:25:23,916 [WARNING] [WARN] Feed health: {'status': 'DEAD', 'message': '1 tokens dead', 'connected': True, 'valid_ltp_count': 1, 'total_ltp_count': 1, 'subscribed_tokens': 1, 'mode': 'LIVE', 'last_tick_age': 62.41227126121521, 'reconnect_count': 1}
2026-02-15 03:25:24,388 [INFO]  03:25:24 | STANDBY | P&L: Rs0.00 | Pos: 0 | FEED: DEAD (1 tokens dead)
2026-02-15 03:25:29,864 [WARNING] [WARN] Feed health: {'status': 'DEAD', 'message': '1 tokens dead', 'connected': True, 'valid_ltp_count': 1, 'total_ltp_count': 1, 'subscribed_tokens': 1, 'mode': 'LIVE', 'last_tick_age': 68.36036920547485, 'reconnect_count': 1}
2026-02-15 03:25:30,247 [WARNING]  No ticks for 68.7s. Forcing reconnect.
2026-02-15 03:25:30,384 [INFO]  03:25:30 | STANDBY | P&L: Rs0.00 | Pos: 0 | FEED: DEAD (1 tokens dead)
2026-02-15 03:25:36,408 [WARNING] [WARN] Feed health: {'status': 'DEAD', 'message': '1 tokens dead', 'connected': True, 'valid_ltp_count': 1, 'total_ltp_count': 1, 'subscribed_tokens': 1, 'mode': 'LIVE', 'last_tick_age': 74.90482759475708, 'reconnect_count': 1}
2026-02-15 03:25:36,936 [INFO]  03:25:36 | STANDBY | P&L: Rs0.00 | Pos: 0 | FEED: DEAD (1 tokens dead)
2026-02-15 03:25:40,897 [WARNING]  No ticks for 79.4s. Forcing reconnect.
2026-02-15 03:25:42,449 [WARNING] [WARN] Feed health: {'status': 'DEAD', 'message': '1 tokens dead', 'connected': True, 'valid_ltp_count': 1, 'total_ltp_count': 1, 'subscribed_tokens': 1, 'mode': 'LIVE', 'last_tick_age': 80.9451117515564, 'reconnect_count': 1}
2026-02-15 03:25:42,979 [INFO]  03:25:42 | STANDBY | P&L: Rs0.00 | Pos: 0 | FEED: DEAD (1 tokens dead)
2026-02-15 03:25:48,491 [WARNING] [WARN] Feed health: {'status': 'DEAD', 'message': '1 tokens dead', 'connected': True, 'valid_ltp_count': 1, 'total_ltp_count': 1, 'subscribed_tokens': 1, 'mode': 'LIVE', 'last_tick_age': 86.98713278770447, 'reconnect_count': 1}
2026-02-15 03:25:49,019 [INFO]  03:25:49 | STANDBY | P&L: Rs0.00 | Pos: 0 | FEED: DEAD (1 tokens dead)
2026-02-15 03:25:51,445 [WARNING]  No ticks for 89.9s. Forcing reconnect.
2026-02-15 03:25:54,532 [WARNING] [WARN] Feed health: {'status': 'DEAD', 'message': '1 tokens dead', 'connected': True, 'valid_ltp_count': 1, 'total_ltp_count': 1, 'subscribed_tokens': 1, 'mode': 'LIVE', 'last_tick_age': 93.02861714363098, 'reconnect_count': 1}
2026-02-15 03:25:55,014 [INFO]  03:25:55 | STANDBY | P&L: Rs0.00 | Pos: 0 | FEED: DEAD (1 tokens dead)
2026-02-15 03:26:00,574 [WARNING] [WARN] Feed health: {'status': 'DEAD', 'message': '1 tokens dead', 'connected': True, 'valid_ltp_count': 1, 'total_ltp_count': 1, 'subscribed_tokens': 1, 'mode': 'LIVE', 'last_tick_age': 99.07002401351929, 'reconnect_count': 1}
2026-02-15 03:26:01,104 [INFO]  03:26:01 | STANDBY | P&L: Rs0.00 | Pos: 0 | FEED: DEAD (1 tokens dead)
2026-02-15 03:26:02,605 [WARNING]  No ticks for 101.1s. Forcing reconnect.
2026-02-15 03:26:06,719 [WARNING] [WARN] Feed health: {'status': 'DEAD', 'message': '1 tokens dead', 'connected': True, 'valid_ltp_count': 1, 'total_ltp_count': 1, 'subscribed_tokens': 1, 'mode': 'LIVE', 'last_tick_age': 105.21543407440186, 'reconnect_count': 1}
2026-02-15 03:26:07,248 [INFO]  03:26:07 | STANDBY | P&L: Rs0.00 | Pos: 0 | FEED: DEAD (1 tokens dead)
2026-02-15 03:26:12,729 [WARNING] [WARN] Feed health: {'status': 'DEAD', 'message': '1 tokens dead', 'connected': True, 'valid_ltp_count': 1, 'total_ltp_count': 1, 'subscribed_tokens': 1, 'mode': 'LIVE', 'last_tick_age': 111.22583055496216, 'reconnect_count': 1}
2026-02-15 03:26:13,154 [WARNING]  No ticks for 111.7s. Forcing reconnect.
2026-02-15 03:26:13,287 [INFO]  03:26:13 | STANDBY | P&L: Rs0.00 | Pos: 0 | FEED: DEAD (1 tokens dead)
2026-02-15 03:26:19,314 [WARNING] [WARN] Feed health: {'status': 'DEAD', 'message': '1 tokens dead', 'connected': True, 'valid_ltp_count': 1, 'total_ltp_count': 1, 'subscribed_tokens': 1, 'mode': 'LIVE', 'last_tick_age': 117.81027936935425, 'reconnect_count': 1}
2026-02-15 03:26:19,799 [INFO]  03:26:19 | STANDBY | P&L: Rs0.00 | Pos: 0 | FEED: DEAD (1 tokens dead)
2026-02-15 03:26:23,760 [WARNING]  No ticks for 122.3s. Forcing reconnect.
2026-02-15 03:26:25,356 [WARNING] [WARN] Feed health: {'status': 'DEAD', 'message': '1 tokens dead', 'connected': True, 'valid_ltp_count': 1, 'total_ltp_count': 1, 'subscribed_tokens': 1, 'mode': 'LIVE', 'last_tick_age': 123.85248231887817, 'reconnect_count': 1}
2026-02-15 03:26:25,871 [INFO]  03:26:25 | STANDBY | P&L: Rs0.00 | Pos: 0 | FEED: DEAD (1 tokens dead)
2026-02-15 03:26:31,501 [WARNING] [WARN] Feed health: {'status': 'DEAD', 'message': '1 tokens dead', 'connected': True, 'valid_ltp_count': 1, 'total_ltp_count': 1, 'subscribed_tokens': 1, 'mode': 'LIVE', 'last_tick_age': 129.99707770347595, 'reconnect_count': 1}
2026-02-15 03:26:32,012 [INFO]  03:26:32 | STANDBY | P&L: Rs0.00 | Pos: 0 | FEED: DEAD (1 tokens dead)
2026-02-15 03:26:34,235 [WARNING]  No ticks for 132.7s. Forcing reconnect.
2026-02-15 03:26:37,541 [WARNING] [WARN] Feed health: {'status': 'DEAD', 'message': '1 tokens dead', 'connected': True, 'valid_ltp_count': 1, 'total_ltp_count': 1, 'subscribed_tokens': 1, 'mode': 'LIVE', 'last_tick_age': 136.03780269622803, 'reconnect_count': 1}
2026-02-15 03:26:38,070 [INFO]  03:26:38 | STANDBY | P&L: Rs0.00 | Pos: 0 | FEED: DEAD (1 tokens dead)
2026-02-15 03:26:43,581 [WARNING] [WARN] Feed health: {'status': 'DEAD', 'message': '1 tokens dead', 'connected': True, 'valid_ltp_count': 1, 'total_ltp_count': 1, 'subscribed_tokens': 1, 'mode': 'LIVE', 'last_tick_age': 142.07762503623962, 'reconnect_count': 1}
2026-02-15 03:26:44,049 [INFO]  03:26:44 | STANDBY | P&L: Rs0.00 | Pos: 0 | FEED: DEAD (1 tokens dead)
2026-02-15 03:26:44,796 [WARNING]  No ticks for 143.3s. Forcing reconnect.
2026-02-15 03:26:49,517 [WARNING] [WARN] Feed health: {'status': 'DEAD', 'message': '1 tokens dead', 'connected': True, 'valid_ltp_count': 1, 'total_ltp_count': 1, 'subscribed_tokens': 1, 'mode': 'LIVE', 'last_tick_age': 148.01318168640137, 'reconnect_count': 1}
2026-02-15 03:26:50,047 [INFO]  03:26:50 | STANDBY | P&L: Rs0.00 | Pos: 0 | FEED: DEAD (1 tokens dead)
2026-02-15 03:26:55,261 [WARNING]  No ticks for 153.8s. Forcing reconnect.
2026-02-15 03:26:55,514 [WARNING] [WARN] Feed health: {'status': 'DEAD', 'message': '1 tokens dead', 'connected': True, 'valid_ltp_count': 1, 'total_ltp_count': 1, 'subscribed_tokens': 1, 'mode': 'LIVE', 'last_tick_age': 154.00999784469604, 'reconnect_count': 1}
2026-02-15 03:26:56,296 [INFO]  03:26:56 | STANDBY | P&L: Rs0.00 | Pos: 0 | FEED: DEAD (1 tokens dead)
2026-02-15 03:27:01,812 [WARNING] [WARN] Feed health: {'status': 'DEAD', 'message': '1 tokens dead', 'connected': True, 'valid_ltp_count': 1, 'total_ltp_count': 1, 'subscribed_tokens': 1, 'mode': 'LIVE', 'last_tick_age': 160.308696269989, 'reconnect_count': 1}
2026-02-15 03:27:02,339 [INFO]  03:27:02 | STANDBY | P&L: Rs0.00 | Pos: 0 | FEED: DEAD (1 tokens dead)
2026-02-15 03:27:05,785 [WARNING]  No ticks for 164.3s. Forcing reconnect.
2026-02-15 03:27:07,851 [WARNING] [WARN] Feed health: {'status': 'DEAD', 'message': '1 tokens dead', 'connected': True, 'valid_ltp_count': 1, 'total_ltp_count': 1, 'subscribed_tokens': 1, 'mode': 'LIVE', 'last_tick_age': 166.34714198112488, 'reconnect_count': 1}
2026-02-15 03:27:08,365 [INFO]  03:27:08 | STANDBY | P&L: Rs0.00 | Pos: 0 | FEED: DEAD (1 tokens dead)
2026-02-15 03:27:13,891 [WARNING] [WARN] Feed health: {'status': 'DEAD', 'message': '1 tokens dead', 'connected': True, 'valid_ltp_count': 1, 'total_ltp_count': 1, 'subscribed_tokens': 1, 'mode': 'LIVE', 'last_tick_age': 172.3879508972168, 'reconnect_count': 1}
2026-02-15 03:27:14,415 [INFO]  03:27:14 | STANDBY | P&L: Rs0.00 | Pos: 0 | FEED: DEAD (1 tokens dead)
2026-02-15 03:27:16,333 [WARNING]  No ticks for 174.8s. Forcing reconnect.
2026-02-15 03:27:19,935 [WARNING] [WARN] Feed health: {'status': 'DEAD', 'message': '1 tokens dead', 'connected': True, 'valid_ltp_count': 1, 'total_ltp_count': 1, 'subscribed_tokens': 1, 'mode': 'LIVE', 'last_tick_age': 178.4318654537201, 'reconnect_count': 1}
2026-02-15 03:27:20,403 [INFO]  03:27:20 | STANDBY | P&L: Rs0.00 | Pos: 0 | FEED: DEAD (1 tokens dead)
2026-02-15 03:27:25,976 [WARNING] [WARN] Feed health: {'status': 'DEAD', 'message': '1 tokens dead', 'connected': True, 'valid_ltp_count': 1, 'total_ltp_count': 1, 'subscribed_tokens': 1, 'mode': 'LIVE', 'last_tick_age': 184.4723768234253, 'reconnect_count': 1}
2026-02-15 03:27:26,506 [INFO]  03:27:26 | STANDBY | P&L: Rs0.00 | Pos: 0 | FEED: DEAD (1 tokens dead)
2026-02-15 03:27:26,880 [WARNING]  No ticks for 185.4s. Forcing reconnect.
2026-02-15 03:27:33,315 [WARNING] [WARN] Feed health: {'status': 'DEAD', 'message': '1 tokens dead', 'connected': True, 'valid_ltp_count': 1, 'total_ltp_count': 1, 'subscribed_tokens': 1, 'mode': 'LIVE', 'last_tick_age': 191.8119659423828, 'reconnect_count': 1}
2026-02-15 03:27:34,586 [INFO]  03:27:34 | STANDBY | P&L: Rs0.00 | Pos: 0 | FEED: DEAD (1 tokens dead)
2026-02-15 03:27:38,777 [WARNING]  No ticks for 197.3s. Forcing reconnect.
2026-02-15 03:27:40,107 [WARNING] [WARN] Feed health: {'status': 'DEAD', 'message': '1 tokens dead', 'connected': True, 'valid_ltp_count': 1, 'total_ltp_count': 1, 'subscribed_tokens': 1, 'mode': 'LIVE', 'last_tick_age': 198.60309529304504, 'reconnect_count': 1}
2026-02-15 03:27:40,628 [INFO]  03:27:40 | STANDBY | P&L: Rs0.00 | Pos: 0 | FEED: DEAD (1 tokens dead)
2026-02-15 03:27:46,093 [WARNING] [WARN] Feed health: {'status': 'DEAD', 'message': '1 tokens dead', 'connected': True, 'valid_ltp_count': 1, 'total_ltp_count': 1, 'subscribed_tokens': 1, 'mode': 'LIVE', 'last_tick_age': 204.58921241760254, 'reconnect_count': 1}
2026-02-15 03:27:46,560 [INFO]  03:27:46 | STANDBY | P&L: Rs0.00 | Pos: 0 | FEED: DEAD (1 tokens dead)
2026-02-15 03:27:49,305 [WARNING]  No ticks for 207.8s. Forcing reconnect.
2026-02-15 03:27:52,189 [WARNING] [WARN] Feed health: {'status': 'DEAD', 'message': '1 tokens dead', 'connected': True, 'valid_ltp_count': 1, 'total_ltp_count': 1, 'subscribed_tokens': 1, 'mode': 'LIVE', 'last_tick_age': 210.68589687347412, 'reconnect_count': 1}
2026-02-15 03:27:52,821 [INFO]  03:27:52 | STANDBY | P&L: Rs0.00 | Pos: 0 | FEED: DEAD (1 tokens dead)
2026-02-15 03:27:58,307 [WARNING] [WARN] Feed health: {'status': 'DEAD', 'message': '1 tokens dead', 'connected': True, 'valid_ltp_count': 1, 'total_ltp_count': 1, 'subscribed_tokens': 1, 'mode': 'LIVE', 'last_tick_age': 216.80352139472961, 'reconnect_count': 1}
2026-02-15 03:27:58,861 [INFO]  03:27:58 | STANDBY | P&L: Rs0.00 | Pos: 0 | FEED: DEAD (1 tokens dead)
2026-02-15 03:27:59,857 [WARNING]  No ticks for 218.4s. Forcing reconnect.
2026-02-15 03:28:04,375 [WARNING] [WARN] Feed health: {'status': 'DEAD', 'message': '1 tokens dead', 'connected': True, 'valid_ltp_count': 1, 'total_ltp_count': 1, 'subscribed_tokens': 1, 'mode': 'LIVE', 'last_tick_age': 222.8717007637024, 'reconnect_count': 1}
2026-02-15 03:28:04,889 [INFO]  03:28:04 | STANDBY | P&L: Rs0.00 | Pos: 0 | FEED: DEAD (1 tokens dead)
2026-02-15 03:28:10,399 [WARNING]  No ticks for 228.9s. Forcing reconnect.
2026-02-15 03:28:10,422 [WARNING] [WARN] Feed health: {'status': 'DEAD', 'message': '1 tokens dead', 'connected': True, 'valid_ltp_count': 1, 'total_ltp_count': 1, 'subscribed_tokens': 1, 'mode': 'LIVE', 'last_tick_age': 228.9189476966858, 'reconnect_count': 1}
2026-02-15 03:28:11,458 [INFO]  03:28:11 | STANDBY | P&L: Rs0.00 | Pos: 0 | FEED: DEAD (1 tokens dead)
2026-02-15 03:28:16,971 [WARNING] [WARN] Feed health: {'status': 'DEAD', 'message': '1 tokens dead', 'connected': True, 'valid_ltp_count': 1, 'total_ltp_count': 1, 'subscribed_tokens': 1, 'mode': 'LIVE', 'last_tick_age': 235.46708822250366, 'reconnect_count': 1}
2026-02-15 03:28:17,423 [INFO]  03:28:17 | STANDBY | P&L: Rs0.00 | Pos: 0 | FEED: DEAD (1 tokens dead)
2026-02-15 03:28:20,946 [WARNING]  No ticks for 239.4s. Forcing reconnect.
2026-02-15 03:28:22,889 [WARNING] [WARN] Feed health: {'status': 'DEAD', 'message': '1 tokens dead', 'connected': True, 'valid_ltp_count': 1, 'total_ltp_count': 1, 'subscribed_tokens': 1, 'mode': 'LIVE', 'last_tick_age': 241.38588547706604, 'reconnect_count': 1}
2026-02-15 03:28:23,388 [INFO]  03:28:23 | STANDBY | P&L: Rs0.00 | Pos: 0 | FEED: DEAD (1 tokens dead)
2026-02-15 03:28:28,862 [WARNING] [WARN] Feed health: {'status': 'DEAD', 'message': '1 tokens dead', 'connected': True, 'valid_ltp_count': 1, 'total_ltp_count': 1, 'subscribed_tokens': 1, 'mode': 'LIVE', 'last_tick_age': 247.35802674293518, 'reconnect_count': 1}
2026-02-15 03:28:29,376 [INFO]  03:28:29 | STANDBY | P&L: Rs0.00 | Pos: 0 | FEED: DEAD (1 tokens dead)
2026-02-15 03:28:31,491 [WARNING]  No ticks for 250.0s. Forcing reconnect.
2026-02-15 03:28:34,890 [WARNING] [WARN] Feed health: {'status': 'DEAD', 'message': '1 tokens dead', 'connected': True, 'valid_ltp_count': 1, 'total_ltp_count': 1, 'subscribed_tokens': 1, 'mode': 'LIVE', 'last_tick_age': 253.3869342803955, 'reconnect_count': 1}
2026-02-15 03:28:35,409 [INFO]  03:28:35 | STANDBY | P&L: Rs0.00 | Pos: 0 | FEED: DEAD (1 tokens dead)
2026-02-15 03:28:40,932 [WARNING] [WARN] Feed health: {'status': 'DEAD', 'message': '1 tokens dead', 'connected': True, 'valid_ltp_count': 1, 'total_ltp_count': 1, 'subscribed_tokens': 1, 'mode': 'LIVE', 'last_tick_age': 259.42845606803894, 'reconnect_count': 1}
2026-02-15 03:28:41,461 [INFO]  03:28:41 | STANDBY | P&L: Rs0.00 | Pos: 0 | FEED: DEAD (1 tokens dead)
2026-02-15 03:28:42,040 [WARNING]  No ticks for 260.5s. Forcing reconnect.
2026-02-15 03:28:46,973 [WARNING] [WARN] Feed health: {'status': 'DEAD', 'message': '1 tokens dead', 'connected': True, 'valid_ltp_count': 1, 'total_ltp_count': 1, 'subscribed_tokens': 1, 'mode': 'LIVE', 'last_tick_age': 265.4691128730774, 'reconnect_count': 1}
2026-02-15 03:28:47,504 [INFO]  03:28:47 | STANDBY | P&L: Rs0.00 | Pos: 0 | FEED: DEAD (1 tokens dead)
2026-02-15 03:28:52,588 [WARNING]  No ticks for 271.1s. Forcing reconnect.
2026-02-15 03:28:53,015 [WARNING] [WARN] Feed health: {'status': 'DEAD', 'message': '1 tokens dead', 'connected': True, 'valid_ltp_count': 1, 'total_ltp_count': 1, 'subscribed_tokens': 1, 'mode': 'LIVE', 'last_tick_age': 271.5117778778076, 'reconnect_count': 1}
2026-02-15 03:28:53,574 [INFO]  03:28:53 | STANDBY | P&L: Rs0.00 | Pos: 0 | FEED: DEAD (1 tokens dead)
2026-02-15 04:33:31,359 [INFO] ================================================================================
2026-02-15 04:33:31,359 [INFO]  LIVENESS LAYER INITIALIZED
2026-02-15 04:33:31,359 [INFO] ================================================================================
2026-02-15 04:33:31,359 [INFO]    Interval:         10.0 seconds
2026-02-15 04:33:31,359 [INFO]    Monitor Token:    NIFTY
2026-02-15 04:33:31,359 [INFO]    Telegram Enabled: False
2026-02-15 04:33:31,359 [INFO]    Decoupling:       FULL (independent thread)
2026-02-15 04:33:31,359 [INFO] ================================================================================
2026-02-15 04:33:31,359 [INFO] ================================================================================
2026-02-15 04:33:31,359 [INFO]  LIVENESS LAYER INITIALIZED
2026-02-15 04:33:31,359 [INFO] ================================================================================
2026-02-15 04:33:31,359 [INFO]    Interval:         10.0 seconds
2026-02-15 04:33:31,359 [INFO]    Monitor Token:    NIFTY
2026-02-15 04:33:31,359 [INFO]    Telegram Enabled: False
2026-02-15 04:33:31,359 [INFO]    Decoupling:       FULL (independent thread)
2026-02-15 04:33:31,359 [INFO] ================================================================================
2026-02-15 04:33:31,359 [INFO] [LIVENESS] Monitor loop started
2026-02-15 04:33:31,359 [INFO]  Liveness monitor started (daemon thread)
2026-02-15 04:33:31,376 [INFO] [LIVENESS] OK — 04:33:31 | NIFTY=24650.00 | Success=1 Error=0
2026-02-15 04:33:34,880 [INFO]  Stopping liveness monitor...
2026-02-15 04:33:34,915 [INFO] [LIVENESS] Monitor loop terminated
2026-02-15 04:33:34,915 [INFO]  Liveness monitor stopped
2026-02-15 04:33:35,418 [INFO] ================================================================================
2026-02-15 04:33:35,418 [INFO]  LIVENESS LAYER INITIALIZED
2026-02-15 04:33:35,418 [INFO] ================================================================================
2026-02-15 04:33:35,418 [INFO]    Interval:         10.0 seconds
2026-02-15 04:33:35,427 [INFO]    Monitor Token:    NIFTY
2026-02-15 04:33:35,427 [INFO]    Telegram Enabled: False
2026-02-15 04:33:35,427 [INFO]    Decoupling:       FULL (independent thread)
2026-02-15 04:33:35,427 [INFO] ================================================================================
2026-02-15 04:33:35,427 [INFO] [LIVENESS] Monitor loop started
2026-02-15 04:33:35,427 [INFO]  Liveness monitor started (daemon thread)
2026-02-15 04:33:35,427 [INFO] [LIVENESS] OK — 04:33:35 | NIFTY=24650.00 | Success=1 Error=0
2026-02-15 04:33:38,442 [INFO]  Stopping liveness monitor...
2026-02-15 04:33:38,471 [INFO] [LIVENESS] Monitor loop terminated
2026-02-15 04:33:38,471 [INFO]  Liveness monitor stopped
2026-02-15 04:33:38,471 [INFO] ================================================================================
2026-02-15 04:33:38,471 [INFO]  LIVENESS LAYER INITIALIZED
2026-02-15 04:33:38,471 [INFO] ================================================================================
2026-02-15 04:33:38,475 [INFO]    Interval:         10.0 seconds
2026-02-15 04:33:38,475 [INFO]    Monitor Token:    NIFTY
2026-02-15 04:33:38,475 [INFO]    Telegram Enabled: False
2026-02-15 04:33:38,475 [INFO]    Decoupling:       FULL (independent thread)
2026-02-15 04:33:38,475 [INFO] ================================================================================
2026-02-15 04:33:38,475 [INFO] ================================================================================
2026-02-15 04:33:38,475 [INFO]  LIVENESS LAYER INITIALIZED
2026-02-15 04:33:38,475 [INFO] ================================================================================
2026-02-15 04:33:38,475 [INFO]    Interval:         10.0 seconds
2026-02-15 04:33:38,475 [INFO]    Monitor Token:    NIFTY
2026-02-15 04:33:38,475 [INFO]    Telegram Enabled: False
2026-02-15 04:33:38,475 [INFO]    Decoupling:       FULL (independent thread)
2026-02-15 04:33:38,475 [INFO] ================================================================================
2026-02-15 04:33:38,475 [INFO] [LIVENESS] Monitor loop started
2026-02-15 04:33:38,475 [INFO]  Liveness monitor started (daemon thread)
2026-02-15 04:33:38,475 [INFO] [LIVENESS] OK — 04:33:38 | NIFTY=24651.00 | Success=1 Error=0
2026-02-15 04:33:42,487 [INFO]  Stopping liveness monitor...
2026-02-15 04:33:42,523 [INFO] [LIVENESS] Monitor loop terminated
2026-02-15 04:33:42,523 [INFO]  Liveness monitor stopped
2026-02-15 04:33:42,528 [INFO]  Liveness monitor is DISABLED
2026-02-15 04:33:42,529 [INFO] ================================================================================
2026-02-15 04:33:42,529 [INFO]  LIVENESS LAYER INITIALIZED
2026-02-15 04:33:42,530 [INFO] ================================================================================
2026-02-15 04:33:42,530 [INFO]    Interval:         10.0 seconds
2026-02-15 04:33:42,531 [INFO]    Monitor Token:    NIFTY
2026-02-15 04:33:42,532 [INFO]    Telegram Enabled: False
2026-02-15 04:33:42,532 [INFO]    Decoupling:       FULL (independent thread)
2026-02-15 04:33:42,533 [INFO] ================================================================================
2026-02-15 04:33:42,534 [INFO] [LIVENESS] Monitor loop started
2026-02-15 04:33:42,534 [INFO]  Liveness monitor started (daemon thread)
2026-02-15 04:33:42,535 [INFO] [LIVENESS] OK — 04:33:42 | NIFTY=24650.00 | Success=1 Error=0
2026-02-15 04:33:42,536 [INFO]  Stopping liveness monitor...
2026-02-15 04:33:42,586 [INFO] [LIVENESS] Monitor loop terminated
2026-02-15 04:33:42,586 [INFO]  Liveness monitor stopped
2026-02-15 04:38:05,692 [INFO]  SmartWebSocketV2 patched for signature safety
2026-02-15 04:38:05,750 [INFO] ================================================================================
2026-02-15 04:38:05,750 [INFO] NIFTY THETA STRATEGY v3.0 - PAPER MODE
2026-02-15 04:38:05,751 [INFO] ================================================================================
2026-02-15 04:38:05,857 [INFO]  Time drift: 2.374s
2026-02-15 04:38:05,859 [INFO]  Time sync OK
2026-02-15 04:38:05,859 [INFO] ================================================================================
2026-02-15 04:38:05,860 [INFO]  LOGGING IN TO ANGEL ONE
2026-02-15 04:38:05,860 [INFO] ================================================================================
2026-02-15 04:38:06,387 [INFO] Client Code: A300707
2026-02-15 04:38:06,387 [INFO] TOTP: 069803
2026-02-15 04:38:08,317 [INFO]  Login successful
2026-02-15 04:38:08,317 [INFO] Session: Bearer eyJhbGciOiJIU...
2026-02-15 04:38:08,317 [INFO] ================================================================================
2026-02-15 04:38:08,317 [INFO] CREATING DATA FEED: LIVE MODE
2026-02-15 04:38:08,317 [INFO] ================================================================================
2026-02-15 04:38:08,317 [INFO]  LIVE mode - initializing ENHANCED WebSocket
2026-02-15 04:38:08,317 [INFO]  Tick recorder: c:\Users\SANU\Desktop\New folder (2)\12 Feb Onwards\trading_system_fixed\tick_data
2026-02-15 04:38:08,333 [INFO]  Connecting WebSocket...
2026-02-15 04:38:08,512 [INFO] Websocket connected
2026-02-15 04:38:08,513 [INFO]  WebSocket connection opened
2026-02-15 04:38:08,515 [INFO]  WebSocket connected - LTP cache INVALIDATED
2026-02-15 04:38:08,517 [INFO]  Heartbeat watchdog started (timeout: 30.0s)
2026-02-15 04:38:08,518 [INFO]  LIVE data feed initialized
2026-02-15 04:38:08,518 [INFO] ================================================================================
2026-02-15 04:38:08,518 [INFO] CREATING BROKER: PAPER MODE
2026-02-15 04:38:08,518 [INFO] ================================================================================
2026-02-15 04:38:08,518 [INFO] TelegramNotifierTextOnly initialized (interval=60s)
2026-02-15 04:38:08,524 [INFO]  NOTIFIER PROTOCOL ASSERTION PASSED - all 9 methods verified
2026-02-15 04:38:11,436 [INFO] TelegramNotifierTextOnly started
2026-02-15 04:38:11,436 [INFO] ================================================================================
2026-02-15 04:38:11,437 [INFO]  NOTIFIER PROTOCOL VALIDATED
2026-02-15 04:38:11,437 [INFO] ================================================================================
2026-02-15 04:38:11,438 [INFO] All 9 required methods present
2026-02-15 04:38:11,439 [INFO] ================================================================================
2026-02-15 04:38:11,439 [INFO]  Telegram notifier started and validated
2026-02-15 04:38:11,440 [INFO]  Same day - preserving state
2026-02-15 04:38:11,444 [INFO]  PAPER TRADING MODE - Simulated orders only
2026-02-15 04:38:11,445 [INFO] ======================================================================
2026-02-15 04:38:11,446 [INFO]  EXECUTION GATEWAY INITIALIZED
2026-02-15 04:38:11,447 [INFO] ======================================================================
2026-02-15 04:38:11,448 [INFO] Rate Limit: 20 orders/minute
2026-02-15 04:38:11,448 [INFO] Max Daily Loss: 10000.0
2026-02-15 04:38:11,449 [INFO] Circuit Breaker: ENABLED
2026-02-15 04:38:11,449 [INFO] Kill Switch: OFF
2026-02-15 04:38:11,450 [INFO] No New Trades: NO
2026-02-15 04:38:11,450 [INFO] ======================================================================
2026-02-15 04:38:11,451 [INFO]  PaperBroker: ExecutionGateway integrated
2026-02-15 04:38:11,451 [INFO]  PaperBroker: API rate limit = 2.0 calls/sec
2026-02-15 04:38:12,661 [INFO]  Loaded 187043 instruments
2026-02-15 04:38:12,661 [INFO]  Notifier logging handler attached
2026-02-15 04:38:13,613 [INFO]  Sent system status: Login=SUCCESS, WS=PENDING
2026-02-15 04:38:16,092 [INFO] ================================================================================
2026-02-15 04:38:16,551 [INFO] [OK] NOTIFIER CONTRACT ASSERTION PASSED
2026-02-15 04:38:17,035 [INFO] ================================================================================
2026-02-15 04:38:17,566 [INFO] All 9 required methods verified
2026-02-15 04:38:18,044 [INFO] ================================================================================
2026-02-15 04:38:18,516 [INFO]  Liveness monitor is DISABLED
2026-02-15 04:38:18,989 [INFO]  Liveness monitoring disabled (ENABLE_LIVENESS_MONITOR=false)
2026-02-15 04:38:19,476 [INFO] [START] Starting strategy...
2026-02-15 04:38:19,965 [INFO] [SAFETY] Checking broker for open positions on startup...
2026-02-15 04:38:20,521 [INFO] [SAFETY] No open positions at broker - starting fresh
2026-02-15 04:38:20,998 [INFO]   STANDBY MODE: Market not open yet, subscribing to spot for heartbeat
2026-02-15 04:38:21,536 [INFO]  Appending: ticks_20260215.csv
2026-02-15 04:38:21,692 [INFO]  Subscribed 1/1 tokens on NSE
2026-02-15 04:38:22,476 [INFO] [OK] Standby subscription active - WebSocket alive, waiting for market open
2026-02-15 04:38:22,973 [INFO]  04:38:22 | STANDBY | P&L: Rs0.00 | Pos: 0
2026-02-15 04:38:22,973 [INFO] [OK] Strategy engine started
2026-02-15 04:38:23,939 [INFO] ================================================================================
2026-02-15 04:38:24,409 [INFO]  STRATEGY RUNNING
2026-02-15 04:38:24,883 [INFO] ================================================================================
2026-02-15 04:38:25,355 [INFO] Data Source: LIVE
2026-02-15 04:38:25,879 [INFO] Trading Mode: PAPER
2026-02-15 04:38:26,346 [INFO] Press Ctrl+C to stop
2026-02-15 04:38:26,815 [INFO] ================================================================================
2026-02-15 04:38:28,451 [INFO]  04:38:28 | STANDBY | P&L: Rs0.00 | Pos: 0
2026-02-15 04:38:33,933 [WARNING] [WARN] Feed health: {'status': 'CRITICAL', 'message': '0 critical, 1 degraded', 'connected': True, 'valid_ltp_count': 1, 'total_ltp_count': 1, 'subscribed_tokens': 1, 'mode': 'LIVE', 'last_tick_age': 12.397456884384155, 'reconnect_count': 1}
2026-02-15 04:38:34,419 [INFO]  04:38:34 | STANDBY | P&L: Rs0.00 | Pos: 0 | FEED: CRITICAL (0 critical, 1 degraded)
2026-02-15 04:38:39,909 [WARNING] [WARN] Feed health: {'status': 'CRITICAL', 'message': '0 critical, 1 degraded', 'connected': True, 'valid_ltp_count': 1, 'total_ltp_count': 1, 'subscribed_tokens': 1, 'mode': 'LIVE', 'last_tick_age': 18.374067068099976, 'reconnect_count': 1}
2026-02-15 04:38:40,389 [INFO]  04:38:40 | STANDBY | P&L: Rs0.00 | Pos: 0 | FEED: CRITICAL (0 critical, 1 degraded)
2026-02-15 04:38:45,893 [WARNING] [WARN] Feed health: {'status': 'CRITICAL', 'message': '0 critical, 1 degraded', 'connected': True, 'valid_ltp_count': 1, 'total_ltp_count': 1, 'subscribed_tokens': 1, 'mode': 'LIVE', 'last_tick_age': 24.35813879966736, 'reconnect_count': 1}
2026-02-15 04:38:46,375 [INFO]  04:38:46 | STANDBY | P&L: Rs0.00 | Pos: 0 | FEED: CRITICAL (0 critical, 1 degraded)
2026-02-15 04:38:51,851 [WARNING] [WARN] Feed health: {'status': 'DEAD', 'message': '1 tokens dead', 'connected': True, 'valid_ltp_count': 1, 'total_ltp_count': 1, 'subscribed_tokens': 1, 'mode': 'LIVE', 'last_tick_age': 30.316033363342285, 'reconnect_count': 1}
2026-02-15 04:38:52,323 [INFO]  04:38:52 | STANDBY | P&L: Rs0.00 | Pos: 0 | FEED: DEAD (1 tokens dead)
2026-02-15 04:38:57,812 [WARNING] [WARN] Feed health: {'status': 'DEAD', 'message': '1 tokens dead', 'connected': True, 'valid_ltp_count': 1, 'total_ltp_count': 1, 'subscribed_tokens': 1, 'mode': 'LIVE', 'last_tick_age': 36.27682065963745, 'reconnect_count': 1}
2026-02-15 04:38:58,281 [INFO]  04:38:58 | STANDBY | P&L: Rs0.00 | Pos: 0 | FEED: DEAD (1 tokens dead)
2026-02-15 04:38:58,521 [WARNING]  No ticks for 37.0s. Forcing reconnect.
2026-02-15 04:38:59,327 [WARNING] [PATCH] _on_close error (continuing): SmartWebSocketV2._on_close() takes 2 positional arguments but 4 were given
2026-02-15 04:39:03,766 [WARNING] [WARN] Feed health: {'status': 'DEAD', 'message': '1 tokens dead', 'connected': True, 'valid_ltp_count': 1, 'total_ltp_count': 1, 'subscribed_tokens': 1, 'mode': 'LIVE', 'last_tick_age': 42.230892181396484, 'reconnect_count': 1}
2026-02-15 04:39:04,249 [INFO]  04:39:04 | STANDBY | P&L: Rs0.00 | Pos: 0 | FEED: DEAD (1 tokens dead)
2026-02-15 04:39:09,340 [WARNING]  No ticks for 47.8s. Forcing reconnect.
2026-02-15 04:39:09,728 [WARNING] [WARN] Feed health: {'status': 'DEAD', 'message': '1 tokens dead', 'connected': True, 'valid_ltp_count': 1, 'total_ltp_count': 1, 'subscribed_tokens': 1, 'mode': 'LIVE', 'last_tick_age': 48.19232487678528, 'reconnect_count': 1}
2026-02-15 04:39:10,280 [INFO]  04:39:10 | STANDBY | P&L: Rs0.00 | Pos: 0 | FEED: DEAD (1 tokens dead)
2026-02-15 04:39:15,754 [WARNING] [WARN] Feed health: {'status': 'DEAD', 'message': '1 tokens dead', 'connected': True, 'valid_ltp_count': 1, 'total_ltp_count': 1, 'subscribed_tokens': 1, 'mode': 'LIVE', 'last_tick_age': 54.2183518409729, 'reconnect_count': 1}
2026-02-15 04:39:16,228 [INFO]  04:39:16 | STANDBY | P&L: Rs0.00 | Pos: 0 | FEED: DEAD (1 tokens dead)
2026-02-15 12:10:34,031 [CRITICAL] ⚠️ CORRUPTED STATE FILE - Backed up to C:\Users\SANU\AppData\Local\Temp\tmpzq4_jxqj.json.corrupted.1771137634
Error: Expecting value: line 1 column 1 (char 0)
Starting with empty state - VERIFY NO OPEN POSITIONS AT BROKER
2026-02-15 12:10:34,031 [CRITICAL] ⚠️ CORRUPTED STATE FILE - Backed up to C:\Users\SANU\AppData\Local\Temp\tmpf2uryvwt.json.corrupted.1771137634
Error: Expecting value: line 1 column 1 (char 0)
Starting with empty state - VERIFY NO OPEN POSITIONS AT BROKER
2026-02-15 12:10:34,058 [INFO]  Loaded 2 TradeLegV1 legs from saved state with integrity checks
2026-02-15 12:10:34,059 [INFO]  Same day - preserving state
2026-02-15 12:10:34,065 [INFO]  Normalizing legacy state format to structured legs
2026-02-15 12:10:34,066 [INFO]  Legacy state normalized - structured 'legs' object created
2026-02-15 12:10:34,069 [INFO] Migrated leg 'sell_ce': TradeLegV1(token='50000CE', side='SELL', qty=1, entry=50.0, status='OPEN', ts=2026-02-15T12:10:34) (legacy entered=True)
2026-02-15 12:10:34,070 [INFO] Migrated leg 'buy_ce': TradeLegV1(token='50100CE', side='BUY', qty=2, entry=30.0, status='OPEN', ts=2026-02-15T12:10:34) (legacy entered=False)
2026-02-15 12:10:34,071 [INFO]  Migrated 2 legs from legacy dict-based format to TradeLegV1
2026-02-15 12:10:34,078 [INFO]  Loaded 2 TradeLegV1 legs from saved state with integrity checks
2026-02-15 12:10:34,078 [INFO]  Same day - preserving state
2026-02-15 12:10:34,086 [CRITICAL] ⚠️ CORRUPTED STATE FILE - Backed up to C:\Users\SANU\AppData\Local\Temp\tmp5vpnfl2l.json.corrupted.1771137634
Error: Expecting value: line 1 column 1 (char 0)
Starting with empty state - VERIFY NO OPEN POSITIONS AT BROKER
2026-02-15 12:10:34,093 [INFO]  Loaded 1 TradeLegV1 legs from saved state with integrity checks
2026-02-15 12:10:34,094 [INFO]  Same day - preserving state
2026-02-15 12:10:34,098 [ERROR] Failed to load leg 'sell_ce': Leg 'sell_ce': Checksum mismatch - data may be corrupted
2026-02-15 12:10:34,099 [WARNING] Skipped 1 corrupted legs: [('sell_ce', "Leg 'sell_ce': Checksum mismatch - data may be corrupted")]
2026-02-15 12:10:34,099 [INFO]  Loaded 0 TradeLegV1 legs from saved state with integrity checks
2026-02-15 12:10:34,101 [INFO]  Same day - preserving state
2026-02-15 12:10:34,108 [CRITICAL] ⚠️ CORRUPTED STATE FILE - Backed up to C:\Users\SANU\AppData\Local\Temp\tmppze59qi0.json.corrupted.1771137634
Error: Expecting value: line 1 column 1 (char 0)
Starting with empty state - VERIFY NO OPEN POSITIONS AT BROKER
2026-02-15 12:10:34,121 [CRITICAL] ⚠️ CORRUPTED STATE FILE - Backed up to C:\Users\SANU\AppData\Local\Temp\tmp1pt65pzb.json.corrupted.1771137634
Error: Expecting value: line 1 column 1 (char 0)
Starting with empty state - VERIFY NO OPEN POSITIONS AT BROKER
2026-02-15 13:15:52,642 [CRITICAL] ⚠️ CORRUPTED STATE FILE - Backed up to C:\Users\SANU\AppData\Local\Temp\tmp9wr0j64o.json.corrupted.1771141552
Error: Expecting value: line 1 column 1 (char 0)
Starting with empty state - VERIFY NO OPEN POSITIONS AT BROKER
2026-02-15 13:15:52,653 [CRITICAL] ⚠️ CORRUPTED STATE FILE - Backed up to C:\Users\SANU\AppData\Local\Temp\tmphitq65bs.json.corrupted.1771141552
Error: Expecting value: line 1 column 1 (char 0)
Starting with empty state - VERIFY NO OPEN POSITIONS AT BROKER
2026-02-15 13:15:52,670 [CRITICAL] ⚠️ CORRUPTED STATE FILE - Backed up to C:\Users\SANU\AppData\Local\Temp\tmpt0uqf_xe.json.corrupted.1771141552
Error: Expecting value: line 1 column 1 (char 0)
Starting with empty state - VERIFY NO OPEN POSITIONS AT BROKER
2026-02-15 13:15:52,676 [INFO] Order placed for sell_ce: SELL 1 @ 50.0 (id=ORD_1)
2026-02-15 13:15:52,679 [INFO] Closed sell_ce: SELL 1 @ exit 48.5 | PnL = +130.00
2026-02-15 13:15:52,685 [CRITICAL] ⚠️ CORRUPTED STATE FILE - Backed up to C:\Users\SANU\AppData\Local\Temp\tmpg6ya8388.json.corrupted.1771141552
Error: Expecting value: line 1 column 1 (char 0)
Starting with empty state - VERIFY NO OPEN POSITIONS AT BROKER
2026-02-15 13:15:52,690 [ERROR] Failed to place order for 'sell_ce': Simulated broker failure
Traceback (most recent call last):
  File "C:\Users\SANU\Desktop\New folder (2)\12 Feb Onwards\trading_system_fixed\core\tradeleg_integration.py", line 318, in place_order_from_leg
    order = self.broker.place_order(
            ^^^^^^^^^^^^^^^^^^^^^^^^
  File "C:\Users\SANU\Desktop\New folder (2)\12 Feb Onwards\trading_system_fixed\test_e2e_tradeleg_integration.py", line 43, in place_order
    raise Exception("Simulated broker failure")
Exception: Simulated broker failure
2026-02-15 13:15:52,692 [INFO] Order placed for sell_ce: SELL 1 @ 50.0 (id=ORD_1)
2026-02-15 13:15:52,698 [CRITICAL] ⚠️ CORRUPTED STATE FILE - Backed up to C:\Users\SANU\AppData\Local\Temp\tmpirgtb3qn.json.corrupted.1771141552
Error: Expecting value: line 1 column 1 (char 0)
Starting with empty state - VERIFY NO OPEN POSITIONS AT BROKER
2026-02-15 13:15:52,706 [INFO] Closed buy_ce: BUY 1 @ exit 30.5 | PnL = +49.00
2026-02-15 13:15:52,712 [CRITICAL] ⚠️ CORRUPTED STATE FILE - Backed up to C:\Users\SANU\AppData\Local\Temp\tmpmwygwc2s.json.corrupted.1771141552
Error: Expecting value: line 1 column 1 (char 0)
Starting with empty state - VERIFY NO OPEN POSITIONS AT BROKER
2026-02-15 13:15:52,723 [INFO] Exported 2 legs to C:\Users\SANU\AppData\Local\Temp\tmpe3qsiuqr.csv
2026-02-15 13:15:52,725 [INFO] Imported 2 legs from C:\Users\SANU\AppData\Local\Temp\tmpe3qsiuqr.csv
2026-02-15 13:15:52,730 [CRITICAL] ⚠️ CORRUPTED STATE FILE - Backed up to C:\Users\SANU\AppData\Local\Temp\tmp02k3cwst.json.corrupted.1771141552
Error: Expecting value: line 1 column 1 (char 0)
Starting with empty state - VERIFY NO OPEN POSITIONS AT BROKER
2026-02-15 13:15:52,738 [INFO] Exported 1 legs to C:\Users\SANU\AppData\Local\Temp\tmpgymrq1hc.json
2026-02-15 13:15:52,740 [INFO] Imported 1 legs from C:\Users\SANU\AppData\Local\Temp\tmpgymrq1hc.json
2026-02-15 13:15:52,745 [INFO] Exported 1 legs to C:\Users\SANU\AppData\Local\Temp\tmpkhp75_m3.json
2026-02-15 13:15:52,748 [ERROR] Failed to load leg 'sell_ce': Leg 'sell_ce': Checksum mismatch - data may be corrupted
2026-02-15 13:15:52,748 [WARNING] Skipped 1 corrupted legs: [('sell_ce', "Leg 'sell_ce': Checksum mismatch - data may be corrupted")]
2026-02-15 13:15:52,749 [INFO] Imported 0 legs from C:\Users\SANU\AppData\Local\Temp\tmpkhp75_m3.json
2026-02-15 13:15:52,750 [ERROR] Failed to load leg 'sell_ce': Leg 'sell_ce': Checksum mismatch - data may be corrupted
2026-02-15 13:15:52,751 [ERROR] Failed to import legs from JSON: Leg 'sell_ce' failed validation: Leg 'sell_ce': Checksum mismatch - data may be corrupted
2026-02-15 13:15:52,755 [INFO]  Normalizing legacy state format to structured legs
2026-02-15 13:15:52,755 [INFO]  Legacy state normalized - structured 'legs' object created
2026-02-15 13:15:52,759 [INFO] Migrated leg 'sell_ce': TradeLegV1(token='50000CE', side='SELL', qty=1, entry=50.0, status='OPEN', ts=2026-02-15T13:15:52) (legacy entered=True)
2026-02-15 13:15:52,760 [INFO] Migrated leg 'buy_ce': TradeLegV1(token='50100CE', side='BUY', qty=2, entry=30.0, status='OPEN', ts=2026-02-15T13:15:52) (legacy entered=False)
2026-02-15 13:15:52,760 [INFO]  Migrated 2 legs from legacy dict-based format to TradeLegV1
2026-02-15 13:15:52,772 [CRITICAL] ⚠️ CORRUPTED STATE FILE - Backed up to C:\Users\SANU\AppData\Local\Temp\tmpngdkx3oy.json.corrupted.1771141552
Error: Expecting value: line 1 column 1 (char 0)
Starting with empty state - VERIFY NO OPEN POSITIONS AT BROKER
2026-02-15 13:17:41,542 [INFO]  SELL CE leg ready: NIFTY50FEB @ 50.50 [TradeLegV1]
2026-02-15 13:18:49,981 [CRITICAL] ⚠️ CORRUPTED STATE FILE - Backed up to C:\Users\SANU\AppData\Local\Temp\tmp5_oe48gj.json.corrupted.1771141729
Error: Expecting value: line 1 column 1 (char 0)
Starting with empty state - VERIFY NO OPEN POSITIONS AT BROKER
2026-02-15 13:18:49,991 [INFO]  SELL CE leg ready: NIFTY50FEB @ 50.50 [TradeLegV1]
2026-02-15 13:18:49,995 [INFO]  SELL PE leg ready: NIFTY50FEB @ 52.00 [TradeLegV1]
2026-02-15 13:18:49,999 [INFO]  BUY CE leg ready: NIFTY50FEB (:0.75) @ 30.50 [TradeLegV1]
2026-02-15 13:18:50,002 [INFO]  BUY PE leg ready: NIFTY50FEB (:0.25) @ 28.00 [TradeLegV1]
2026-02-15 13:18:50,007 [CRITICAL] ⚠️ CORRUPTED STATE FILE - Backed up to C:\Users\SANU\AppData\Local\Temp\tmprghnjd7n.json.corrupted.1771141730
Error: Expecting value: line 1 column 1 (char 0)
Starting with empty state - VERIFY NO OPEN POSITIONS AT BROKER
2026-02-15 13:18:50,012 [INFO]  SELL CE leg ready: NIFTY50FEB @ 50.50 [TradeLegV1]
2026-02-15 13:18:50,014 [INFO]  Normalizing legacy state format to structured legs
2026-02-15 13:18:50,015 [INFO]  Legacy state normalized - structured 'legs' object created
2026-02-15 13:18:50,016 [INFO] Migrated leg 'sell_ce': TradeLegV1(token='50000CE', side='SELL', qty=1, entry=50.5, status='OPEN', ts=2026-02-15T13:18:50) (legacy entered=False)
2026-02-15 13:18:50,017 [INFO]  Migrated 1 legs from legacy dict-based format to TradeLegV1
2026-02-15 13:18:50,019 [INFO]  Same day - preserving state
2026-02-15 13:18:50,028 [INFO]  Normalizing legacy state format to structured legs
2026-02-15 13:18:50,029 [INFO]  Legacy state normalized - structured 'legs' object created
2026-02-15 13:18:50,031 [INFO] Migrated leg 'sell_ce': TradeLegV1(token='50000CE', side='SELL', qty=1, entry=50.5, status='OPEN', ts=2026-02-15T13:18:50) (legacy entered=False)
2026-02-15 13:18:50,032 [INFO] Migrated leg 'sell_pe': TradeLegV1(token='50000PE', side='SELL', qty=1, entry=52.0, status='OPEN', ts=2026-02-15T13:18:50) (legacy entered=False)
2026-02-15 13:18:50,032 [INFO] Migrated leg 'buy_ce': TradeLegV1(token='50100CE', side='BUY', qty=1, entry=30.5, status='OPEN', ts=2026-02-15T13:18:50) (legacy entered=False)
2026-02-15 13:18:50,033 [INFO] Migrated leg 'buy_pe': TradeLegV1(token='50100PE', side='BUY', qty=1, entry=28.0, status='OPEN', ts=2026-02-15T13:18:50) (legacy entered=False)
2026-02-15 13:18:50,034 [INFO]  Migrated 4 legs from legacy dict-based format to TradeLegV1
2026-02-15 13:18:50,045 [CRITICAL] ⚠️ CORRUPTED STATE FILE - Backed up to C:\Users\SANU\AppData\Local\Temp\tmpgri12113.json.corrupted.1771141730
Error: Expecting value: line 1 column 1 (char 0)
Starting with empty state - VERIFY NO OPEN POSITIONS AT BROKER
2026-02-15 13:18:50,050 [INFO]  SELL CE leg ready: NIFTY50FEB @ 50.50 [TradeLegV1]
2026-02-15 13:18:50,053 [INFO]  SELL PE leg ready: NIFTY50FEB @ 52.00 [TradeLegV1]
2026-02-15 13:18:50,056 [INFO]  BUY CE leg ready: NIFTY50FEB (:0.45) @ 30.50 [TradeLegV1]
2026-02-15 13:18:50,060 [INFO]  BUY PE leg ready: NIFTY50FEB (:0.42) @ 28.00 [TradeLegV1]
2026-02-15 13:18:50,064 [ERROR] ✗ FAILED: 'StrategyState' object has no attribute 'get_state_snapshot'
Traceback (most recent call last):
  File "C:\Users\SANU\Desktop\New folder (2)\12 Feb Onwards\trading_system_fixed\test_final_validation.py", line 461, in main
    test()
  File "C:\Users\SANU\Desktop\New folder (2)\12 Feb Onwards\trading_system_fixed\test_final_validation.py", line 241, in test_multi_leg_phase_transition
    state_saved = state.get_state_snapshot()
                  ^^^^^^^^^^^^^^^^^^^^^^^^
AttributeError: 'StrategyState' object has no attribute 'get_state_snapshot'
2026-02-15 13:18:50,070 [CRITICAL] ⚠️ CORRUPTED STATE FILE - Backed up to C:\Users\SANU\AppData\Local\Temp\tmpbor82sr4.json.corrupted.1771141730
Error: Expecting value: line 1 column 1 (char 0)
Starting with empty state - VERIFY NO OPEN POSITIONS AT BROKER
2026-02-15 13:18:50,079 [INFO]  SELL CE leg ready: NIFTY50FEB @ 50.00 [TradeLegV1]
2026-02-15 13:18:50,081 [ERROR] ✗ FAILED: 'TradeLegManager' object has no attribute 'verify_leg_integrity'
Traceback (most recent call last):
  File "C:\Users\SANU\Desktop\New folder (2)\12 Feb Onwards\trading_system_fixed\test_final_validation.py", line 461, in main
    test()
  File "C:\Users\SANU\Desktop\New folder (2)\12 Feb Onwards\trading_system_fixed\test_final_validation.py", line 301, in test_leg_closure_workflow
    assert state.leg_manager.verify_leg_integrity('sell_ce')
           ^^^^^^^^^^^^^^^^^^^^^^^^^^^^^^^^^^^^^^
AttributeError: 'TradeLegManager' object has no attribute 'verify_leg_integrity'
2026-02-15 13:18:50,089 [CRITICAL] ⚠️ CORRUPTED STATE FILE - Backed up to C:\Users\SANU\AppData\Local\Temp\tmp0b8cg914.json.corrupted.1771141730
Error: Expecting value: line 1 column 1 (char 0)
Starting with empty state - VERIFY NO OPEN POSITIONS AT BROKER
2026-02-15 13:18:50,095 [WARNING] Failed to create TradeLegV1 for sell_ce: 'token', using legacy format
2026-02-15 13:18:50,098 [INFO]  SELL CE leg ready: NIFTY50FEB @ 50.50 [TradeLegV1]
2026-02-15 13:18:50,103 [CRITICAL] ⚠️ CORRUPTED STATE FILE - Backed up to C:\Users\SANU\AppData\Local\Temp\tmpcucbgfeq.json.corrupted.1771141730
Error: Expecting value: line 1 column 1 (char 0)
Starting with empty state - VERIFY NO OPEN POSITIONS AT BROKER
2026-02-15 13:18:50,110 [INFO]  SELL CE leg ready: NIFTY50FEB @ 50.50 [TradeLegV1]
2026-02-15 13:18:50,114 [INFO]  SELL PE leg ready: NIFTY50FEB @ 52.00 [TradeLegV1]
2026-02-15 13:18:50,119 [INFO]  BUY CE leg ready: NIFTY50FEB (:0.75) @ 30.50 [TradeLegV1]
2026-02-15 13:18:50,122 [INFO]  BUY PE leg ready: NIFTY50FEB (:0.75) @ 28.00 [TradeLegV1]
2026-02-15 13:18:50,131 [ERROR] ✗ FAILED: 'TradeLegManager' object has no attribute 'verify_leg_integrity'
Traceback (most recent call last):
  File "C:\Users\SANU\Desktop\New folder (2)\12 Feb Onwards\trading_system_fixed\test_final_validation.py", line 461, in main
    test()
  File "C:\Users\SANU\Desktop\New folder (2)\12 Feb Onwards\trading_system_fixed\test_final_validation.py", line 433, in test_concurrent_leg_access
    assert state.leg_manager.verify_leg_integrity(leg_name)
           ^^^^^^^^^^^^^^^^^^^^^^^^^^^^^^^^^^^^^^
AttributeError: 'TradeLegManager' object has no attribute 'verify_leg_integrity'
2026-02-15 13:19:14,962 [CRITICAL] ⚠️ CORRUPTED STATE FILE - Backed up to C:\Users\SANU\AppData\Local\Temp\tmpf2yr2nht.json.corrupted.1771141754
Error: Expecting value: line 1 column 1 (char 0)
Starting with empty state - VERIFY NO OPEN POSITIONS AT BROKER
2026-02-15 13:19:14,997 [INFO]  SELL CE leg ready: NIFTY50FEB @ 50.50 [TradeLegV1]
2026-02-15 13:19:14,999 [ERROR] ✗ FAILED: 'charmap' codec can't encode character '\u2713' in position 0: character maps to <undefined>
Traceback (most recent call last):
  File "C:\Users\SANU\Desktop\New folder (2)\12 Feb Onwards\trading_system_fixed\test_final_validation.py", line 459, in main
    test()
  File "C:\Users\SANU\Desktop\New folder (2)\12 Feb Onwards\trading_system_fixed\test_final_validation.py", line 59, in test_lock_methods_create_tradeleg
    print(f"✓ {leg_name}: locked successfully")
  File "C:\PythonEnv\global_venv\Lib\site-packages\colorama\ansitowin32.py", line 47, in write
    self.__convertor.write(text)
  File "C:\PythonEnv\global_venv\Lib\site-packages\colorama\ansitowin32.py", line 177, in write
    self.write_and_convert(text)
  File "C:\PythonEnv\global_venv\Lib\site-packages\colorama\ansitowin32.py", line 205, in write_and_convert
    self.write_plain_text(text, cursor, len(text))
  File "C:\PythonEnv\global_venv\Lib\site-packages\colorama\ansitowin32.py", line 210, in write_plain_text
    self.wrapped.write(text[start:end])
  File "C:\Users\SANU\AppData\Local\Programs\Python\Python311\Lib\encodings\cp1252.py", line 19, in encode
    return codecs.charmap_encode(input,self.errors,encoding_table)[0]
           ^^^^^^^^^^^^^^^^^^^^^^^^^^^^^^^^^^^^^^^^^^^^^^^^^^^^^^^
UnicodeEncodeError: 'charmap' codec can't encode character '\u2713' in position 0: character maps to <undefined>
2026-02-15 13:19:15,013 [CRITICAL] ⚠️ CORRUPTED STATE FILE - Backed up to C:\Users\SANU\AppData\Local\Temp\tmpo6tnyq0f.json.corrupted.1771141755
Error: Expecting value: line 1 column 1 (char 0)
Starting with empty state - VERIFY NO OPEN POSITIONS AT BROKER
2026-02-15 13:19:15,028 [INFO]  SELL CE leg ready: NIFTY50FEB @ 50.50 [TradeLegV1]
2026-02-15 13:19:15,029 [ERROR] ✗ FAILED: 'charmap' codec can't encode character '\u2713' in position 0: character maps to <undefined>
Traceback (most recent call last):
  File "C:\Users\SANU\Desktop\New folder (2)\12 Feb Onwards\trading_system_fixed\test_final_validation.py", line 459, in main
    test()
  File "C:\Users\SANU\Desktop\New folder (2)\12 Feb Onwards\trading_system_fixed\test_final_validation.py", line 99, in test_state_persistence_with_legs
    print("✓ Created sell_ce leg in state1")
  File "C:\PythonEnv\global_venv\Lib\site-packages\colorama\ansitowin32.py", line 47, in write
    self.__convertor.write(text)
  File "C:\PythonEnv\global_venv\Lib\site-packages\colorama\ansitowin32.py", line 177, in write
    self.write_and_convert(text)
  File "C:\PythonEnv\global_venv\Lib\site-packages\colorama\ansitowin32.py", line 205, in write_and_convert
    self.write_plain_text(text, cursor, len(text))
  File "C:\PythonEnv\global_venv\Lib\site-packages\colorama\ansitowin32.py", line 210, in write_plain_text
    self.wrapped.write(text[start:end])
  File "C:\Users\SANU\AppData\Local\Programs\Python\Python311\Lib\encodings\cp1252.py", line 19, in encode
    return codecs.charmap_encode(input,self.errors,encoding_table)[0]
           ^^^^^^^^^^^^^^^^^^^^^^^^^^^^^^^^^^^^^^^^^^^^^^^^^^^^^^^
UnicodeEncodeError: 'charmap' codec can't encode character '\u2713' in position 0: character maps to <undefined>
2026-02-15 13:19:15,041 [INFO]  Normalizing legacy state format to structured legs
2026-02-15 13:19:15,042 [INFO]  Legacy state normalized - structured 'legs' object created
2026-02-15 13:19:15,046 [INFO] Migrated leg 'sell_ce': TradeLegV1(token='50000CE', side='SELL', qty=1, entry=50.5, status='OPEN', ts=2026-02-15T13:19:15) (legacy entered=False)
2026-02-15 13:19:15,047 [INFO] Migrated leg 'sell_pe': TradeLegV1(token='50000PE', side='SELL', qty=1, entry=52.0, status='OPEN', ts=2026-02-15T13:19:15) (legacy entered=False)
2026-02-15 13:19:15,047 [INFO] Migrated leg 'buy_ce': TradeLegV1(token='50100CE', side='BUY', qty=1, entry=30.5, status='OPEN', ts=2026-02-15T13:19:15) (legacy entered=False)
2026-02-15 13:19:15,047 [INFO] Migrated leg 'buy_pe': TradeLegV1(token='50100PE', side='BUY', qty=1, entry=28.0, status='OPEN', ts=2026-02-15T13:19:15) (legacy entered=False)
2026-02-15 13:19:15,047 [INFO]  Migrated 4 legs from legacy dict-based format to TradeLegV1
2026-02-15 13:19:15,058 [ERROR] ✗ FAILED: 'charmap' codec can't encode character '\u2713' in position 0: character maps to <undefined>
Traceback (most recent call last):
  File "C:\Users\SANU\Desktop\New folder (2)\12 Feb Onwards\trading_system_fixed\test_final_validation.py", line 459, in main
    test()
  File "C:\Users\SANU\Desktop\New folder (2)\12 Feb Onwards\trading_system_fixed\test_final_validation.py", line 158, in test_legacy_dict_migration
    print("✓ Loaded legacy state format")
  File "C:\PythonEnv\global_venv\Lib\site-packages\colorama\ansitowin32.py", line 47, in write
    self.__convertor.write(text)
  File "C:\PythonEnv\global_venv\Lib\site-packages\colorama\ansitowin32.py", line 177, in write
    self.write_and_convert(text)
  File "C:\PythonEnv\global_venv\Lib\site-packages\colorama\ansitowin32.py", line 205, in write_and_convert
    self.write_plain_text(text, cursor, len(text))
  File "C:\PythonEnv\global_venv\Lib\site-packages\colorama\ansitowin32.py", line 210, in write_plain_text
    self.wrapped.write(text[start:end])
  File "C:\Users\SANU\AppData\Local\Programs\Python\Python311\Lib\encodings\cp1252.py", line 19, in encode
    return codecs.charmap_encode(input,self.errors,encoding_table)[0]
           ^^^^^^^^^^^^^^^^^^^^^^^^^^^^^^^^^^^^^^^^^^^^^^^^^^^^^^^
UnicodeEncodeError: 'charmap' codec can't encode character '\u2713' in position 0: character maps to <undefined>
2026-02-15 13:19:15,066 [ERROR] ✗ FAILED: 'charmap' codec can't encode character '\u2192' in position 21: character maps to <undefined>
Traceback (most recent call last):
  File "C:\Users\SANU\Desktop\New folder (2)\12 Feb Onwards\trading_system_fixed\test_final_validation.py", line 459, in main
    test()
  File "C:\Users\SANU\Desktop\New folder (2)\12 Feb Onwards\trading_system_fixed\test_final_validation.py", line 186, in test_multi_leg_phase_transition
    print("\n=== Test 4: Phase 0→1 Multi-Leg Transition ===")
  File "C:\PythonEnv\global_venv\Lib\site-packages\colorama\ansitowin32.py", line 47, in write
    self.__convertor.write(text)
  File "C:\PythonEnv\global_venv\Lib\site-packages\colorama\ansitowin32.py", line 177, in write
    self.write_and_convert(text)
  File "C:\PythonEnv\global_venv\Lib\site-packages\colorama\ansitowin32.py", line 205, in write_and_convert
    self.write_plain_text(text, cursor, len(text))
  File "C:\PythonEnv\global_venv\Lib\site-packages\colorama\ansitowin32.py", line 210, in write_plain_text
    self.wrapped.write(text[start:end])
  File "C:\Users\SANU\AppData\Local\Programs\Python\Python311\Lib\encodings\cp1252.py", line 19, in encode
    return codecs.charmap_encode(input,self.errors,encoding_table)[0]
           ^^^^^^^^^^^^^^^^^^^^^^^^^^^^^^^^^^^^^^^^^^^^^^^^^^^^^^^
UnicodeEncodeError: 'charmap' codec can't encode character '\u2192' in position 21: character maps to <undefined>
2026-02-15 13:19:15,082 [CRITICAL] ⚠️ CORRUPTED STATE FILE - Backed up to C:\Users\SANU\AppData\Local\Temp\tmp867_jlec.json.corrupted.1771141755
Error: Expecting value: line 1 column 1 (char 0)
Starting with empty state - VERIFY NO OPEN POSITIONS AT BROKER
2026-02-15 13:19:15,096 [INFO]  SELL CE leg ready: NIFTY50FEB @ 50.00 [TradeLegV1]
2026-02-15 13:19:15,097 [ERROR] ✗ FAILED: 'charmap' codec can't encode character '\u2713' in position 0: character maps to <undefined>
Traceback (most recent call last):
  File "C:\Users\SANU\Desktop\New folder (2)\12 Feb Onwards\trading_system_fixed\test_final_validation.py", line 459, in main
    test()
  File "C:\Users\SANU\Desktop\New folder (2)\12 Feb Onwards\trading_system_fixed\test_final_validation.py", line 270, in test_leg_closure_workflow
    print(f"✓ Created leg: {leg.token} {leg.side} @ {leg.entry_price}")
  File "C:\PythonEnv\global_venv\Lib\site-packages\colorama\ansitowin32.py", line 47, in write
    self.__convertor.write(text)
  File "C:\PythonEnv\global_venv\Lib\site-packages\colorama\ansitowin32.py", line 177, in write
    self.write_and_convert(text)
  File "C:\PythonEnv\global_venv\Lib\site-packages\colorama\ansitowin32.py", line 205, in write_and_convert
    self.write_plain_text(text, cursor, len(text))
  File "C:\PythonEnv\global_venv\Lib\site-packages\colorama\ansitowin32.py", line 210, in write_plain_text
    self.wrapped.write(text[start:end])
  File "C:\Users\SANU\AppData\Local\Programs\Python\Python311\Lib\encodings\cp1252.py", line 19, in encode
    return codecs.charmap_encode(input,self.errors,encoding_table)[0]
           ^^^^^^^^^^^^^^^^^^^^^^^^^^^^^^^^^^^^^^^^^^^^^^^^^^^^^^^
UnicodeEncodeError: 'charmap' codec can't encode character '\u2713' in position 0: character maps to <undefined>
2026-02-15 13:19:15,112 [CRITICAL] ⚠️ CORRUPTED STATE FILE - Backed up to C:\Users\SANU\AppData\Local\Temp\tmpgk9xx1jc.json.corrupted.1771141755
Error: Expecting value: line 1 column 1 (char 0)
Starting with empty state - VERIFY NO OPEN POSITIONS AT BROKER
2026-02-15 13:19:15,120 [WARNING] Failed to create TradeLegV1 for sell_ce: 'token', using legacy format
2026-02-15 13:19:15,123 [ERROR] ✗ FAILED: 'charmap' codec can't encode character '\u2713' in position 0: character maps to <undefined>
Traceback (most recent call last):
  File "C:\Users\SANU\Desktop\New folder (2)\12 Feb Onwards\trading_system_fixed\test_final_validation.py", line 326, in test_error_recovery
    state.lock_sell_ce_leg(invalid_data)
  File "C:\Users\SANU\Desktop\New folder (2)\12 Feb Onwards\trading_system_fixed\core\state.py", line 259, in lock_sell_ce_leg
    self.state['sell_ce_token'] = data['token']
                                  ~~~~^^^^^^^^^
KeyError: 'token'

During handling of the above exception, another exception occurred:

Traceback (most recent call last):
  File "C:\Users\SANU\Desktop\New folder (2)\12 Feb Onwards\trading_system_fixed\test_final_validation.py", line 459, in main
    test()
  File "C:\Users\SANU\Desktop\New folder (2)\12 Feb Onwards\trading_system_fixed\test_final_validation.py", line 329, in test_error_recovery
    print(f"✓ Correctly raised error for invalid data: {str(e)[:50]}...")
  File "C:\PythonEnv\global_venv\Lib\site-packages\colorama\ansitowin32.py", line 47, in write
    self.__convertor.write(text)
  File "C:\PythonEnv\global_venv\Lib\site-packages\colorama\ansitowin32.py", line 177, in write
    self.write_and_convert(text)
  File "C:\PythonEnv\global_venv\Lib\site-packages\colorama\ansitowin32.py", line 205, in write_and_convert
    self.write_plain_text(text, cursor, len(text))
  File "C:\PythonEnv\global_venv\Lib\site-packages\colorama\ansitowin32.py", line 210, in write_plain_text
    self.wrapped.write(text[start:end])
  File "C:\Users\SANU\AppData\Local\Programs\Python\Python311\Lib\encodings\cp1252.py", line 19, in encode
    return codecs.charmap_encode(input,self.errors,encoding_table)[0]
           ^^^^^^^^^^^^^^^^^^^^^^^^^^^^^^^^^^^^^^^^^^^^^^^^^^^^^^^
UnicodeEncodeError: 'charmap' codec can't encode character '\u2713' in position 0: character maps to <undefined>
2026-02-15 13:19:15,137 [CRITICAL] ⚠️ CORRUPTED STATE FILE - Backed up to C:\Users\SANU\AppData\Local\Temp\tmpxf8lic8d.json.corrupted.1771141755
Error: Expecting value: line 1 column 1 (char 0)
Starting with empty state - VERIFY NO OPEN POSITIONS AT BROKER
2026-02-15 13:19:15,154 [INFO]  SELL CE leg ready: NIFTY50FEB @ 50.50 [TradeLegV1]
2026-02-15 13:19:15,162 [INFO]  SELL PE leg ready: NIFTY50FEB @ 52.00 [TradeLegV1]
2026-02-15 13:19:15,166 [INFO]  BUY CE leg ready: NIFTY50FEB (:0.75) @ 30.50 [TradeLegV1]
2026-02-15 13:19:15,169 [INFO]  BUY PE leg ready: NIFTY50FEB (:0.75) @ 28.00 [TradeLegV1]
2026-02-15 13:19:15,170 [ERROR] ✗ FAILED: 'charmap' codec can't encode character '\u2713' in position 0: character maps to <undefined>
Traceback (most recent call last):
  File "C:\Users\SANU\Desktop\New folder (2)\12 Feb Onwards\trading_system_fixed\test_final_validation.py", line 459, in main
    test()
  File "C:\Users\SANU\Desktop\New folder (2)\12 Feb Onwards\trading_system_fixed\test_final_validation.py", line 383, in test_concurrent_leg_access
    print("✓ Created all 4 legs")
  File "C:\PythonEnv\global_venv\Lib\site-packages\colorama\ansitowin32.py", line 47, in write
    self.__convertor.write(text)
  File "C:\PythonEnv\global_venv\Lib\site-packages\colorama\ansitowin32.py", line 177, in write
    self.write_and_convert(text)
  File "C:\PythonEnv\global_venv\Lib\site-packages\colorama\ansitowin32.py", line 205, in write_and_convert
    self.write_plain_text(text, cursor, len(text))
  File "C:\PythonEnv\global_venv\Lib\site-packages\colorama\ansitowin32.py", line 210, in write_plain_text
    self.wrapped.write(text[start:end])
  File "C:\Users\SANU\AppData\Local\Programs\Python\Python311\Lib\encodings\cp1252.py", line 19, in encode
    return codecs.charmap_encode(input,self.errors,encoding_table)[0]
           ^^^^^^^^^^^^^^^^^^^^^^^^^^^^^^^^^^^^^^^^^^^^^^^^^^^^^^^
UnicodeEncodeError: 'charmap' codec can't encode character '\u2713' in position 0: character maps to <undefined>
2026-02-15 13:19:19,154 [CRITICAL] ⚠️ CORRUPTED STATE FILE - Backed up to C:\Users\SANU\AppData\Local\Temp\tmpdt_l1zof.json.corrupted.1771141759
Error: Expecting value: line 1 column 1 (char 0)
Starting with empty state - VERIFY NO OPEN POSITIONS AT BROKER
2026-02-15 13:19:19,179 [INFO]  SELL CE leg ready: NIFTY50FEB @ 50.50 [TradeLegV1]
2026-02-15 13:19:19,200 [INFO]  SELL PE leg ready: NIFTY50FEB @ 52.00 [TradeLegV1]
2026-02-15 13:19:19,204 [INFO]  BUY CE leg ready: NIFTY50FEB (:0.75) @ 30.50 [TradeLegV1]
2026-02-15 13:19:19,210 [INFO]  BUY PE leg ready: NIFTY50FEB (:0.25) @ 28.00 [TradeLegV1]
2026-02-15 13:19:19,216 [CRITICAL] ⚠️ CORRUPTED STATE FILE - Backed up to C:\Users\SANU\AppData\Local\Temp\tmpi4fepi9x.json.corrupted.1771141759
Error: Expecting value: line 1 column 1 (char 0)
Starting with empty state - VERIFY NO OPEN POSITIONS AT BROKER
2026-02-15 13:19:19,222 [INFO]  SELL CE leg ready: NIFTY50FEB @ 50.50 [TradeLegV1]
2026-02-15 13:19:19,225 [INFO]  Normalizing legacy state format to structured legs
2026-02-15 13:19:19,225 [INFO]  Legacy state normalized - structured 'legs' object created
2026-02-15 13:19:19,228 [INFO] Migrated leg 'sell_ce': TradeLegV1(token='50000CE', side='SELL', qty=1, entry=50.5, status='OPEN', ts=2026-02-15T13:19:19) (legacy entered=False)
2026-02-15 13:19:19,229 [INFO]  Migrated 1 legs from legacy dict-based format to TradeLegV1
2026-02-15 13:19:19,232 [INFO]  Same day - preserving state
2026-02-15 13:19:19,240 [INFO]  Normalizing legacy state format to structured legs
2026-02-15 13:19:19,241 [INFO]  Legacy state normalized - structured 'legs' object created
2026-02-15 13:19:19,244 [INFO] Migrated leg 'sell_ce': TradeLegV1(token='50000CE', side='SELL', qty=1, entry=50.5, status='OPEN', ts=2026-02-15T13:19:19) (legacy entered=False)
2026-02-15 13:19:19,245 [INFO] Migrated leg 'sell_pe': TradeLegV1(token='50000PE', side='SELL', qty=1, entry=52.0, status='OPEN', ts=2026-02-15T13:19:19) (legacy entered=False)
2026-02-15 13:19:19,245 [INFO] Migrated leg 'buy_ce': TradeLegV1(token='50100CE', side='BUY', qty=1, entry=30.5, status='OPEN', ts=2026-02-15T13:19:19) (legacy entered=False)
2026-02-15 13:19:19,246 [INFO] Migrated leg 'buy_pe': TradeLegV1(token='50100PE', side='BUY', qty=1, entry=28.0, status='OPEN', ts=2026-02-15T13:19:19) (legacy entered=False)
2026-02-15 13:19:19,246 [INFO]  Migrated 4 legs from legacy dict-based format to TradeLegV1
2026-02-15 13:19:19,257 [CRITICAL] ⚠️ CORRUPTED STATE FILE - Backed up to C:\Users\SANU\AppData\Local\Temp\tmps6hs2yz1.json.corrupted.1771141759
Error: Expecting value: line 1 column 1 (char 0)
Starting with empty state - VERIFY NO OPEN POSITIONS AT BROKER
2026-02-15 13:19:19,261 [INFO]  SELL CE leg ready: NIFTY50FEB @ 50.50 [TradeLegV1]
2026-02-15 13:19:19,264 [INFO]  SELL PE leg ready: NIFTY50FEB @ 52.00 [TradeLegV1]
2026-02-15 13:19:19,267 [INFO]  BUY CE leg ready: NIFTY50FEB (:0.45) @ 30.50 [TradeLegV1]
2026-02-15 13:19:19,269 [INFO]  BUY PE leg ready: NIFTY50FEB (:0.42) @ 28.00 [TradeLegV1]
2026-02-15 13:19:19,280 [CRITICAL] ⚠️ CORRUPTED STATE FILE - Backed up to C:\Users\SANU\AppData\Local\Temp\tmpmjokdi7r.json.corrupted.1771141759
Error: Expecting value: line 1 column 1 (char 0)
Starting with empty state - VERIFY NO OPEN POSITIONS AT BROKER
2026-02-15 13:19:19,283 [INFO]  SELL CE leg ready: NIFTY50FEB @ 50.00 [TradeLegV1]
2026-02-15 13:19:19,290 [CRITICAL] ⚠️ CORRUPTED STATE FILE - Backed up to C:\Users\SANU\AppData\Local\Temp\tmp2zhh0y7v.json.corrupted.1771141759
Error: Expecting value: line 1 column 1 (char 0)
Starting with empty state - VERIFY NO OPEN POSITIONS AT BROKER
2026-02-15 13:19:19,292 [WARNING] Failed to create TradeLegV1 for sell_ce: 'token', using legacy format
2026-02-15 13:19:19,295 [INFO]  SELL CE leg ready: NIFTY50FEB @ 50.50 [TradeLegV1]
2026-02-15 13:19:19,300 [CRITICAL] ⚠️ CORRUPTED STATE FILE - Backed up to C:\Users\SANU\AppData\Local\Temp\tmp2yrid9vo.json.corrupted.1771141759
Error: Expecting value: line 1 column 1 (char 0)
Starting with empty state - VERIFY NO OPEN POSITIONS AT BROKER
2026-02-15 13:19:19,307 [INFO]  SELL CE leg ready: NIFTY50FEB @ 50.50 [TradeLegV1]
2026-02-15 13:19:19,311 [INFO]  SELL PE leg ready: NIFTY50FEB @ 52.00 [TradeLegV1]
2026-02-15 13:19:19,314 [INFO]  BUY CE leg ready: NIFTY50FEB (:0.75) @ 30.50 [TradeLegV1]
2026-02-15 13:19:19,318 [INFO]  BUY PE leg ready: NIFTY50FEB (:0.75) @ 28.00 [TradeLegV1]
2026-02-15 13:46:36,263 [INFO] State validation: State validation complete
2026-02-15 13:46:36,271 [INFO] State validation: State validation complete
2026-02-15 13:46:36,276 [WARNING] Invalid leg_name: invalid_leg
2026-02-15 13:48:56,715 [INFO] State version 1.0 detected, migrating to 2.0
2026-02-15 13:48:56,716 [INFO] Migrating state from v1.0 to v2.0 format
2026-02-15 13:48:56,716 [INFO] State migration v1.0 -> v2.0 complete
2026-02-15 13:48:56,730 [INFO] State validation: State validation complete
2026-02-15 13:50:53,767 [INFO]  SmartWebSocketV2 patched for signature safety
2026-02-15 13:50:53,869 [INFO] ================================================================================
2026-02-15 13:50:53,871 [INFO] NIFTY THETA STRATEGY v3.0 - PAPER MODE
2026-02-15 13:50:53,872 [INFO] ================================================================================
2026-02-15 13:50:53,893 [CRITICAL]  FATAL ERROR: ================================================================================
 CONFIGURATION VALIDATION FAILED
=
 CONFIGURATION VALIDATION FAILED
=
 CONFIGURATION VALIDATION FAILED
=
 CONFIGURATION VALIDATION FAILED
=
 CONFIGURATION VALIDATION FAILED
=
 CONFIGURATION VALIDATION FAILED
=
 CONFIGURATION VALIDATION FAILED
=
 CONFIGURATION VALIDATION FAILED
=
 CONFIGURATION VALIDATION FAILED
=
 CONFIGURATION VALIDATION FAILED
=
 CONFIGURATION VALIDATION FAILED
=
 CONFIGURATION VALIDATION FAILED
=
 CONFIGURATION VALIDATION FAILED
=
 CONFIGURATION VALIDATION FAILED
=
 CONFIGURATION VALIDATION FAILED
=
 CONFIGURATION VALIDATION FAILED
=
 CONFIGURATION VALIDATION FAILED
=
 CONFIGURATION VALIDATION FAILED
=
 CONFIGURATION VALIDATION FAILED
=
 CONFIGURATION VALIDATION FAILED
=
 CONFIGURATION VALIDATION FAILED
=
 CONFIGURATION VALIDATION FAILED
=
 CONFIGURATION VALIDATION FAILED
=
 CONFIGURATION VALIDATION FAILED
=
 CONFIGURATION VALIDATION FAILED
=
 CONFIGURATION VALIDATION FAILED
=
 CONFIGURATION VALIDATION FAILED
=
 CONFIGURATION VALIDATION FAILED
=
 CONFIGURATION VALIDATION FAILED
=
 CONFIGURATION VALIDATION FAILED
=
 CONFIGURATION VALIDATION FAILED
=
 CONFIGURATION VALIDATION FAILED
=
 CONFIGURATION VALIDATION FAILED
=
 CONFIGURATION VALIDATION FAILED
=
 CONFIGURATION VALIDATION FAILED
=
 CONFIGURATION VALIDATION FAILED
=
 CONFIGURATION VALIDATION FAILED
=
 CONFIGURATION VALIDATION FAILED
=
 CONFIGURATION VALIDATION FAILED
=
 CONFIGURATION VALIDATION FAILED
=
 CONFIGURATION VALIDATION FAILED
=
 CONFIGURATION VALIDATION FAILED
=
 CONFIGURATION VALIDATION FAILED
=
 CONFIGURATION VALIDATION FAILED
=
 CONFIGURATION VALIDATION FAILED
=
 CONFIGURATION VALIDATION FAILED
=
 CONFIGURATION VALIDATION FAILED
=
 CONFIGURATION VALIDATION FAILED
=
 CONFIGURATION VALIDATION FAILED
=
 CONFIGURATION VALIDATION FAILED
=
 CONFIGURATION VALIDATION FAILED
=
 CONFIGURATION VALIDATION FAILED
=
 CONFIGURATION VALIDATION FAILED
=
 CONFIGURATION VALIDATION FAILED
=
 CONFIGURATION VALIDATION FAILED
=
 CONFIGURATION VALIDATION FAILED
=
 CONFIGURATION VALIDATION FAILED
=
 CONFIGURATION VALIDATION FAILED
=
 CONFIGURATION VALIDATION FAILED
=
 CONFIGURATION VALIDATION FAILED
=
 CONFIGURATION VALIDATION FAILED
=
 CONFIGURATION VALIDATION FAILED
=
 CONFIGURATION VALIDATION FAILED
=
 CONFIGURATION VALIDATION FAILED
=
 CONFIGURATION VALIDATION FAILED
=
 CONFIGURATION VALIDATION FAILED
=
 CONFIGURATION VALIDATION FAILED
=
 CONFIGURATION VALIDATION FAILED
=
 CONFIGURATION VALIDATION FAILED
=
 CONFIGURATION VALIDATION FAILED
=
 CONFIGURATION VALIDATION FAILED
=
 CONFIGURATION VALIDATION FAILED
=
 CONFIGURATION VALIDATION FAILED
=
 CONFIGURATION VALIDATION FAILED
=
 CONFIGURATION VALIDATION FAILED
=
 CONFIGURATION VALIDATION FAILED
=
 CONFIGURATION VALIDATION FAILED
=
 CONFIGURATION VALIDATION FAILED
=
 CONFIGURATION VALIDATION FAILED
=
 CONFIGURATION VALIDATION FAILED
=
   Instrument CSV not found: c:\Users\SANU\Desktop\New folder (2)\12 Feb Onwards\trading_system_fixed\angel_master_instruments.csv
=
   Instrument CSV not found: c:\Users\SANU\Desktop\New folder (2)\12 Feb Onwards\trading_system_fixed\angel_master_instruments.csv
=
   Instrument CSV not found: c:\Users\SANU\Desktop\New folder (2)\12 Feb Onwards\trading_system_fixed\angel_master_instruments.csv
=
   Instrument CSV not found: c:\Users\SANU\Desktop\New folder (2)\12 Feb Onwards\trading_system_fixed\angel_master_instruments.csv
=
   Instrument CSV not found: c:\Users\SANU\Desktop\New folder (2)\12 Feb Onwards\trading_system_fixed\angel_master_instruments.csv
=
   Instrument CSV not found: c:\Users\SANU\Desktop\New folder (2)\12 Feb Onwards\trading_system_fixed\angel_master_instruments.csv
=
   Instrument CSV not found: c:\Users\SANU\Desktop\New folder (2)\12 Feb Onwards\trading_system_fixed\angel_master_instruments.csv
=
   Instrument CSV not found: c:\Users\SANU\Desktop\New folder (2)\12 Feb Onwards\trading_system_fixed\angel_master_instruments.csv
=
   Instrument CSV not found: c:\Users\SANU\Desktop\New folder (2)\12 Feb Onwards\trading_system_fixed\angel_master_instruments.csv
=
   Instrument CSV not found: c:\Users\SANU\Desktop\New folder (2)\12 Feb Onwards\trading_system_fixed\angel_master_instruments.csv
=
   Instrument CSV not found: c:\Users\SANU\Desktop\New folder (2)\12 Feb Onwards\trading_system_fixed\angel_master_instruments.csv
=
   Instrument CSV not found: c:\Users\SANU\Desktop\New folder (2)\12 Feb Onwards\trading_system_fixed\angel_master_instruments.csv
=
   Instrument CSV not found: c:\Users\SANU\Desktop\New folder (2)\12 Feb Onwards\trading_system_fixed\angel_master_instruments.csv
=
   Instrument CSV not found: c:\Users\SANU\Desktop\New folder (2)\12 Feb Onwards\trading_system_fixed\angel_master_instruments.csv
=
   Instrument CSV not found: c:\Users\SANU\Desktop\New folder (2)\12 Feb Onwards\trading_system_fixed\angel_master_instruments.csv
=
   Instrument CSV not found: c:\Users\SANU\Desktop\New folder (2)\12 Feb Onwards\trading_system_fixed\angel_master_instruments.csv
=
   Instrument CSV not found: c:\Users\SANU\Desktop\New folder (2)\12 Feb Onwards\trading_system_fixed\angel_master_instruments.csv
=
   Instrument CSV not found: c:\Users\SANU\Desktop\New folder (2)\12 Feb Onwards\trading_system_fixed\angel_master_instruments.csv
=
   Instrument CSV not found: c:\Users\SANU\Desktop\New folder (2)\12 Feb Onwards\trading_system_fixed\angel_master_instruments.csv
=
   Instrument CSV not found: c:\Users\SANU\Desktop\New folder (2)\12 Feb Onwards\trading_system_fixed\angel_master_instruments.csv
=
   Instrument CSV not found: c:\Users\SANU\Desktop\New folder (2)\12 Feb Onwards\trading_system_fixed\angel_master_instruments.csv
=
   Instrument CSV not found: c:\Users\SANU\Desktop\New folder (2)\12 Feb Onwards\trading_system_fixed\angel_master_instruments.csv
=
   Instrument CSV not found: c:\Users\SANU\Desktop\New folder (2)\12 Feb Onwards\trading_system_fixed\angel_master_instruments.csv
=
   Instrument CSV not found: c:\Users\SANU\Desktop\New folder (2)\12 Feb Onwards\trading_system_fixed\angel_master_instruments.csv
=
   Instrument CSV not found: c:\Users\SANU\Desktop\New folder (2)\12 Feb Onwards\trading_system_fixed\angel_master_instruments.csv
=
   Instrument CSV not found: c:\Users\SANU\Desktop\New folder (2)\12 Feb Onwards\trading_system_fixed\angel_master_instruments.csv
=
   Instrument CSV not found: c:\Users\SANU\Desktop\New folder (2)\12 Feb Onwards\trading_system_fixed\angel_master_instruments.csv
=
   Instrument CSV not found: c:\Users\SANU\Desktop\New folder (2)\12 Feb Onwards\trading_system_fixed\angel_master_instruments.csv
=
   Instrument CSV not found: c:\Users\SANU\Desktop\New folder (2)\12 Feb Onwards\trading_system_fixed\angel_master_instruments.csv
=
   Instrument CSV not found: c:\Users\SANU\Desktop\New folder (2)\12 Feb Onwards\trading_system_fixed\angel_master_instruments.csv
=
   Instrument CSV not found: c:\Users\SANU\Desktop\New folder (2)\12 Feb Onwards\trading_system_fixed\angel_master_instruments.csv
=
   Instrument CSV not found: c:\Users\SANU\Desktop\New folder (2)\12 Feb Onwards\trading_system_fixed\angel_master_instruments.csv
=
   Instrument CSV not found: c:\Users\SANU\Desktop\New folder (2)\12 Feb Onwards\trading_system_fixed\angel_master_instruments.csv
=
   Instrument CSV not found: c:\Users\SANU\Desktop\New folder (2)\12 Feb Onwards\trading_system_fixed\angel_master_instruments.csv
=
   Instrument CSV not found: c:\Users\SANU\Desktop\New folder (2)\12 Feb Onwards\trading_system_fixed\angel_master_instruments.csv
=
   Instrument CSV not found: c:\Users\SANU\Desktop\New folder (2)\12 Feb Onwards\trading_system_fixed\angel_master_instruments.csv
=
   Instrument CSV not found: c:\Users\SANU\Desktop\New folder (2)\12 Feb Onwards\trading_system_fixed\angel_master_instruments.csv
=
   Instrument CSV not found: c:\Users\SANU\Desktop\New folder (2)\12 Feb Onwards\trading_system_fixed\angel_master_instruments.csv
=
   Instrument CSV not found: c:\Users\SANU\Desktop\New folder (2)\12 Feb Onwards\trading_system_fixed\angel_master_instruments.csv
=
   Instrument CSV not found: c:\Users\SANU\Desktop\New folder (2)\12 Feb Onwards\trading_system_fixed\angel_master_instruments.csv
=
   Instrument CSV not found: c:\Users\SANU\Desktop\New folder (2)\12 Feb Onwards\trading_system_fixed\angel_master_instruments.csv
=
   Instrument CSV not found: c:\Users\SANU\Desktop\New folder (2)\12 Feb Onwards\trading_system_fixed\angel_master_instruments.csv
=
   Instrument CSV not found: c:\Users\SANU\Desktop\New folder (2)\12 Feb Onwards\trading_system_fixed\angel_master_instruments.csv
=
   Instrument CSV not found: c:\Users\SANU\Desktop\New folder (2)\12 Feb Onwards\trading_system_fixed\angel_master_instruments.csv
=
   Instrument CSV not found: c:\Users\SANU\Desktop\New folder (2)\12 Feb Onwards\trading_system_fixed\angel_master_instruments.csv
=
   Instrument CSV not found: c:\Users\SANU\Desktop\New folder (2)\12 Feb Onwards\trading_system_fixed\angel_master_instruments.csv
=
   Instrument CSV not found: c:\Users\SANU\Desktop\New folder (2)\12 Feb Onwards\trading_system_fixed\angel_master_instruments.csv
=
   Instrument CSV not found: c:\Users\SANU\Desktop\New folder (2)\12 Feb Onwards\trading_system_fixed\angel_master_instruments.csv
=
   Instrument CSV not found: c:\Users\SANU\Desktop\New folder (2)\12 Feb Onwards\trading_system_fixed\angel_master_instruments.csv
=
   Instrument CSV not found: c:\Users\SANU\Desktop\New folder (2)\12 Feb Onwards\trading_system_fixed\angel_master_instruments.csv
=
   Instrument CSV not found: c:\Users\SANU\Desktop\New folder (2)\12 Feb Onwards\trading_system_fixed\angel_master_instruments.csv
=
   Instrument CSV not found: c:\Users\SANU\Desktop\New folder (2)\12 Feb Onwards\trading_system_fixed\angel_master_instruments.csv
=
   Instrument CSV not found: c:\Users\SANU\Desktop\New folder (2)\12 Feb Onwards\trading_system_fixed\angel_master_instruments.csv
=
   Instrument CSV not found: c:\Users\SANU\Desktop\New folder (2)\12 Feb Onwards\trading_system_fixed\angel_master_instruments.csv
=
   Instrument CSV not found: c:\Users\SANU\Desktop\New folder (2)\12 Feb Onwards\trading_system_fixed\angel_master_instruments.csv
=
   Instrument CSV not found: c:\Users\SANU\Desktop\New folder (2)\12 Feb Onwards\trading_system_fixed\angel_master_instruments.csv
=
   Instrument CSV not found: c:\Users\SANU\Desktop\New folder (2)\12 Feb Onwards\trading_system_fixed\angel_master_instruments.csv
=
   Instrument CSV not found: c:\Users\SANU\Desktop\New folder (2)\12 Feb Onwards\trading_system_fixed\angel_master_instruments.csv
=
   Instrument CSV not found: c:\Users\SANU\Desktop\New folder (2)\12 Feb Onwards\trading_system_fixed\angel_master_instruments.csv
=
   Instrument CSV not found: c:\Users\SANU\Desktop\New folder (2)\12 Feb Onwards\trading_system_fixed\angel_master_instruments.csv
=
   Instrument CSV not found: c:\Users\SANU\Desktop\New folder (2)\12 Feb Onwards\trading_system_fixed\angel_master_instruments.csv
=
   Instrument CSV not found: c:\Users\SANU\Desktop\New folder (2)\12 Feb Onwards\trading_system_fixed\angel_master_instruments.csv
=
   Instrument CSV not found: c:\Users\SANU\Desktop\New folder (2)\12 Feb Onwards\trading_system_fixed\angel_master_instruments.csv
=
   Instrument CSV not found: c:\Users\SANU\Desktop\New folder (2)\12 Feb Onwards\trading_system_fixed\angel_master_instruments.csv
=
   Instrument CSV not found: c:\Users\SANU\Desktop\New folder (2)\12 Feb Onwards\trading_system_fixed\angel_master_instruments.csv
=
   Instrument CSV not found: c:\Users\SANU\Desktop\New folder (2)\12 Feb Onwards\trading_system_fixed\angel_master_instruments.csv
=
   Instrument CSV not found: c:\Users\SANU\Desktop\New folder (2)\12 Feb Onwards\trading_system_fixed\angel_master_instruments.csv
=
   Instrument CSV not found: c:\Users\SANU\Desktop\New folder (2)\12 Feb Onwards\trading_system_fixed\angel_master_instruments.csv
=
   Instrument CSV not found: c:\Users\SANU\Desktop\New folder (2)\12 Feb Onwards\trading_system_fixed\angel_master_instruments.csv
=
   Instrument CSV not found: c:\Users\SANU\Desktop\New folder (2)\12 Feb Onwards\trading_system_fixed\angel_master_instruments.csv
=
   Instrument CSV not found: c:\Users\SANU\Desktop\New folder (2)\12 Feb Onwards\trading_system_fixed\angel_master_instruments.csv
=
   Instrument CSV not found: c:\Users\SANU\Desktop\New folder (2)\12 Feb Onwards\trading_system_fixed\angel_master_instruments.csv
=
   Instrument CSV not found: c:\Users\SANU\Desktop\New folder (2)\12 Feb Onwards\trading_system_fixed\angel_master_instruments.csv
=
   Instrument CSV not found: c:\Users\SANU\Desktop\New folder (2)\12 Feb Onwards\trading_system_fixed\angel_master_instruments.csv
=
   Instrument CSV not found: c:\Users\SANU\Desktop\New folder (2)\12 Feb Onwards\trading_system_fixed\angel_master_instruments.csv
=
   Instrument CSV not found: c:\Users\SANU\Desktop\New folder (2)\12 Feb Onwards\trading_system_fixed\angel_master_instruments.csv
=
   Instrument CSV not found: c:\Users\SANU\Desktop\New folder (2)\12 Feb Onwards\trading_system_fixed\angel_master_instruments.csv
=
   Instrument CSV not found: c:\Users\SANU\Desktop\New folder (2)\12 Feb Onwards\trading_system_fixed\angel_master_instruments.csv
=
   Instrument CSV not found: c:\Users\SANU\Desktop\New folder (2)\12 Feb Onwards\trading_system_fixed\angel_master_instruments.csv
=
   Instrument CSV not found: c:\Users\SANU\Desktop\New folder (2)\12 Feb Onwards\trading_system_fixed\angel_master_instruments.csv
=
Traceback (most recent call last):
  File "c:\Users\SANU\Desktop\New folder (2)\12 Feb Onwards\trading_system_fixed\main.py", line 269, in main
    Config.validate()
  File "c:\Users\SANU\Desktop\New folder (2)\12 Feb Onwards\trading_system_fixed\config.py", line 359, in validate
    raise ConfigurationError(full_msg)
config.ConfigurationError: ================================================================================
 CONFIGURATION VALIDATION FAILED
=
 CONFIGURATION VALIDATION FAILED
=
 CONFIGURATION VALIDATION FAILED
=
 CONFIGURATION VALIDATION FAILED
=
 CONFIGURATION VALIDATION FAILED
=
 CONFIGURATION VALIDATION FAILED
=
 CONFIGURATION VALIDATION FAILED
=
 CONFIGURATION VALIDATION FAILED
=
 CONFIGURATION VALIDATION FAILED
=
 CONFIGURATION VALIDATION FAILED
=
 CONFIGURATION VALIDATION FAILED
=
 CONFIGURATION VALIDATION FAILED
=
 CONFIGURATION VALIDATION FAILED
=
 CONFIGURATION VALIDATION FAILED
=
 CONFIGURATION VALIDATION FAILED
=
 CONFIGURATION VALIDATION FAILED
=
 CONFIGURATION VALIDATION FAILED
=
 CONFIGURATION VALIDATION FAILED
=
 CONFIGURATION VALIDATION FAILED
=
 CONFIGURATION VALIDATION FAILED
=
 CONFIGURATION VALIDATION FAILED
=
 CONFIGURATION VALIDATION FAILED
=
 CONFIGURATION VALIDATION FAILED
=
 CONFIGURATION VALIDATION FAILED
=
 CONFIGURATION VALIDATION FAILED
=
 CONFIGURATION VALIDATION FAILED
=
 CONFIGURATION VALIDATION FAILED
=
 CONFIGURATION VALIDATION FAILED
=
 CONFIGURATION VALIDATION FAILED
=
 CONFIGURATION VALIDATION FAILED
=
 CONFIGURATION VALIDATION FAILED
=
 CONFIGURATION VALIDATION FAILED
=
 CONFIGURATION VALIDATION FAILED
=
 CONFIGURATION VALIDATION FAILED
=
 CONFIGURATION VALIDATION FAILED
=
 CONFIGURATION VALIDATION FAILED
=
 CONFIGURATION VALIDATION FAILED
=
 CONFIGURATION VALIDATION FAILED
=
 CONFIGURATION VALIDATION FAILED
=
 CONFIGURATION VALIDATION FAILED
=
 CONFIGURATION VALIDATION FAILED
=
 CONFIGURATION VALIDATION FAILED
=
 CONFIGURATION VALIDATION FAILED
=
 CONFIGURATION VALIDATION FAILED
=
 CONFIGURATION VALIDATION FAILED
=
 CONFIGURATION VALIDATION FAILED
=
 CONFIGURATION VALIDATION FAILED
=
 CONFIGURATION VALIDATION FAILED
=
 CONFIGURATION VALIDATION FAILED
=
 CONFIGURATION VALIDATION FAILED
=
 CONFIGURATION VALIDATION FAILED
=
 CONFIGURATION VALIDATION FAILED
=
 CONFIGURATION VALIDATION FAILED
=
 CONFIGURATION VALIDATION FAILED
=
 CONFIGURATION VALIDATION FAILED
=
 CONFIGURATION VALIDATION FAILED
=
 CONFIGURATION VALIDATION FAILED
=
 CONFIGURATION VALIDATION FAILED
=
 CONFIGURATION VALIDATION FAILED
=
 CONFIGURATION VALIDATION FAILED
=
 CONFIGURATION VALIDATION FAILED
=
 CONFIGURATION VALIDATION FAILED
=
 CONFIGURATION VALIDATION FAILED
=
 CONFIGURATION VALIDATION FAILED
=
 CONFIGURATION VALIDATION FAILED
=
 CONFIGURATION VALIDATION FAILED
=
 CONFIGURATION VALIDATION FAILED
=
 CONFIGURATION VALIDATION FAILED
=
 CONFIGURATION VALIDATION FAILED
=
 CONFIGURATION VALIDATION FAILED
=
 CONFIGURATION VALIDATION FAILED
=
 CONFIGURATION VALIDATION FAILED
=
 CONFIGURATION VALIDATION FAILED
=
 CONFIGURATION VALIDATION FAILED
=
 CONFIGURATION VALIDATION FAILED
=
 CONFIGURATION VALIDATION FAILED
=
 CONFIGURATION VALIDATION FAILED
=
 CONFIGURATION VALIDATION FAILED
=
 CONFIGURATION VALIDATION FAILED
=
 CONFIGURATION VALIDATION FAILED
=
   Instrument CSV not found: c:\Users\SANU\Desktop\New folder (2)\12 Feb Onwards\trading_system_fixed\angel_master_instruments.csv
=
   Instrument CSV not found: c:\Users\SANU\Desktop\New folder (2)\12 Feb Onwards\trading_system_fixed\angel_master_instruments.csv
=
   Instrument CSV not found: c:\Users\SANU\Desktop\New folder (2)\12 Feb Onwards\trading_system_fixed\angel_master_instruments.csv
=
   Instrument CSV not found: c:\Users\SANU\Desktop\New folder (2)\12 Feb Onwards\trading_system_fixed\angel_master_instruments.csv
=
   Instrument CSV not found: c:\Users\SANU\Desktop\New folder (2)\12 Feb Onwards\trading_system_fixed\angel_master_instruments.csv
=
   Instrument CSV not found: c:\Users\SANU\Desktop\New folder (2)\12 Feb Onwards\trading_system_fixed\angel_master_instruments.csv
=
   Instrument CSV not found: c:\Users\SANU\Desktop\New folder (2)\12 Feb Onwards\trading_system_fixed\angel_master_instruments.csv
=
   Instrument CSV not found: c:\Users\SANU\Desktop\New folder (2)\12 Feb Onwards\trading_system_fixed\angel_master_instruments.csv
=
   Instrument CSV not found: c:\Users\SANU\Desktop\New folder (2)\12 Feb Onwards\trading_system_fixed\angel_master_instruments.csv
=
   Instrument CSV not found: c:\Users\SANU\Desktop\New folder (2)\12 Feb Onwards\trading_system_fixed\angel_master_instruments.csv
=
   Instrument CSV not found: c:\Users\SANU\Desktop\New folder (2)\12 Feb Onwards\trading_system_fixed\angel_master_instruments.csv
=
   Instrument CSV not found: c:\Users\SANU\Desktop\New folder (2)\12 Feb Onwards\trading_system_fixed\angel_master_instruments.csv
=
   Instrument CSV not found: c:\Users\SANU\Desktop\New folder (2)\12 Feb Onwards\trading_system_fixed\angel_master_instruments.csv
=
   Instrument CSV not found: c:\Users\SANU\Desktop\New folder (2)\12 Feb Onwards\trading_system_fixed\angel_master_instruments.csv
=
   Instrument CSV not found: c:\Users\SANU\Desktop\New folder (2)\12 Feb Onwards\trading_system_fixed\angel_master_instruments.csv
=
   Instrument CSV not found: c:\Users\SANU\Desktop\New folder (2)\12 Feb Onwards\trading_system_fixed\angel_master_instruments.csv
=
   Instrument CSV not found: c:\Users\SANU\Desktop\New folder (2)\12 Feb Onwards\trading_system_fixed\angel_master_instruments.csv
=
   Instrument CSV not found: c:\Users\SANU\Desktop\New folder (2)\12 Feb Onwards\trading_system_fixed\angel_master_instruments.csv
=
   Instrument CSV not found: c:\Users\SANU\Desktop\New folder (2)\12 Feb Onwards\trading_system_fixed\angel_master_instruments.csv
=
   Instrument CSV not found: c:\Users\SANU\Desktop\New folder (2)\12 Feb Onwards\trading_system_fixed\angel_master_instruments.csv
=
   Instrument CSV not found: c:\Users\SANU\Desktop\New folder (2)\12 Feb Onwards\trading_system_fixed\angel_master_instruments.csv
=
   Instrument CSV not found: c:\Users\SANU\Desktop\New folder (2)\12 Feb Onwards\trading_system_fixed\angel_master_instruments.csv
=
   Instrument CSV not found: c:\Users\SANU\Desktop\New folder (2)\12 Feb Onwards\trading_system_fixed\angel_master_instruments.csv
=
   Instrument CSV not found: c:\Users\SANU\Desktop\New folder (2)\12 Feb Onwards\trading_system_fixed\angel_master_instruments.csv
=
   Instrument CSV not found: c:\Users\SANU\Desktop\New folder (2)\12 Feb Onwards\trading_system_fixed\angel_master_instruments.csv
=
   Instrument CSV not found: c:\Users\SANU\Desktop\New folder (2)\12 Feb Onwards\trading_system_fixed\angel_master_instruments.csv
=
   Instrument CSV not found: c:\Users\SANU\Desktop\New folder (2)\12 Feb Onwards\trading_system_fixed\angel_master_instruments.csv
=
   Instrument CSV not found: c:\Users\SANU\Desktop\New folder (2)\12 Feb Onwards\trading_system_fixed\angel_master_instruments.csv
=
   Instrument CSV not found: c:\Users\SANU\Desktop\New folder (2)\12 Feb Onwards\trading_system_fixed\angel_master_instruments.csv
=
   Instrument CSV not found: c:\Users\SANU\Desktop\New folder (2)\12 Feb Onwards\trading_system_fixed\angel_master_instruments.csv
=
   Instrument CSV not found: c:\Users\SANU\Desktop\New folder (2)\12 Feb Onwards\trading_system_fixed\angel_master_instruments.csv
=
   Instrument CSV not found: c:\Users\SANU\Desktop\New folder (2)\12 Feb Onwards\trading_system_fixed\angel_master_instruments.csv
=
   Instrument CSV not found: c:\Users\SANU\Desktop\New folder (2)\12 Feb Onwards\trading_system_fixed\angel_master_instruments.csv
=
   Instrument CSV not found: c:\Users\SANU\Desktop\New folder (2)\12 Feb Onwards\trading_system_fixed\angel_master_instruments.csv
=
   Instrument CSV not found: c:\Users\SANU\Desktop\New folder (2)\12 Feb Onwards\trading_system_fixed\angel_master_instruments.csv
=
   Instrument CSV not found: c:\Users\SANU\Desktop\New folder (2)\12 Feb Onwards\trading_system_fixed\angel_master_instruments.csv
=
   Instrument CSV not found: c:\Users\SANU\Desktop\New folder (2)\12 Feb Onwards\trading_system_fixed\angel_master_instruments.csv
=
   Instrument CSV not found: c:\Users\SANU\Desktop\New folder (2)\12 Feb Onwards\trading_system_fixed\angel_master_instruments.csv
=
   Instrument CSV not found: c:\Users\SANU\Desktop\New folder (2)\12 Feb Onwards\trading_system_fixed\angel_master_instruments.csv
=
   Instrument CSV not found: c:\Users\SANU\Desktop\New folder (2)\12 Feb Onwards\trading_system_fixed\angel_master_instruments.csv
=
   Instrument CSV not found: c:\Users\SANU\Desktop\New folder (2)\12 Feb Onwards\trading_system_fixed\angel_master_instruments.csv
=
   Instrument CSV not found: c:\Users\SANU\Desktop\New folder (2)\12 Feb Onwards\trading_system_fixed\angel_master_instruments.csv
=
   Instrument CSV not found: c:\Users\SANU\Desktop\New folder (2)\12 Feb Onwards\trading_system_fixed\angel_master_instruments.csv
=
   Instrument CSV not found: c:\Users\SANU\Desktop\New folder (2)\12 Feb Onwards\trading_system_fixed\angel_master_instruments.csv
=
   Instrument CSV not found: c:\Users\SANU\Desktop\New folder (2)\12 Feb Onwards\trading_system_fixed\angel_master_instruments.csv
=
   Instrument CSV not found: c:\Users\SANU\Desktop\New folder (2)\12 Feb Onwards\trading_system_fixed\angel_master_instruments.csv
=
   Instrument CSV not found: c:\Users\SANU\Desktop\New folder (2)\12 Feb Onwards\trading_system_fixed\angel_master_instruments.csv
=
   Instrument CSV not found: c:\Users\SANU\Desktop\New folder (2)\12 Feb Onwards\trading_system_fixed\angel_master_instruments.csv
=
   Instrument CSV not found: c:\Users\SANU\Desktop\New folder (2)\12 Feb Onwards\trading_system_fixed\angel_master_instruments.csv
=
   Instrument CSV not found: c:\Users\SANU\Desktop\New folder (2)\12 Feb Onwards\trading_system_fixed\angel_master_instruments.csv
=
   Instrument CSV not found: c:\Users\SANU\Desktop\New folder (2)\12 Feb Onwards\trading_system_fixed\angel_master_instruments.csv
=
   Instrument CSV not found: c:\Users\SANU\Desktop\New folder (2)\12 Feb Onwards\trading_system_fixed\angel_master_instruments.csv
=
   Instrument CSV not found: c:\Users\SANU\Desktop\New folder (2)\12 Feb Onwards\trading_system_fixed\angel_master_instruments.csv
=
   Instrument CSV not found: c:\Users\SANU\Desktop\New folder (2)\12 Feb Onwards\trading_system_fixed\angel_master_instruments.csv
=
   Instrument CSV not found: c:\Users\SANU\Desktop\New folder (2)\12 Feb Onwards\trading_system_fixed\angel_master_instruments.csv
=
   Instrument CSV not found: c:\Users\SANU\Desktop\New folder (2)\12 Feb Onwards\trading_system_fixed\angel_master_instruments.csv
=
   Instrument CSV not found: c:\Users\SANU\Desktop\New folder (2)\12 Feb Onwards\trading_system_fixed\angel_master_instruments.csv
=
   Instrument CSV not found: c:\Users\SANU\Desktop\New folder (2)\12 Feb Onwards\trading_system_fixed\angel_master_instruments.csv
=
   Instrument CSV not found: c:\Users\SANU\Desktop\New folder (2)\12 Feb Onwards\trading_system_fixed\angel_master_instruments.csv
=
   Instrument CSV not found: c:\Users\SANU\Desktop\New folder (2)\12 Feb Onwards\trading_system_fixed\angel_master_instruments.csv
=
   Instrument CSV not found: c:\Users\SANU\Desktop\New folder (2)\12 Feb Onwards\trading_system_fixed\angel_master_instruments.csv
=
   Instrument CSV not found: c:\Users\SANU\Desktop\New folder (2)\12 Feb Onwards\trading_system_fixed\angel_master_instruments.csv
=
   Instrument CSV not found: c:\Users\SANU\Desktop\New folder (2)\12 Feb Onwards\trading_system_fixed\angel_master_instruments.csv
=
   Instrument CSV not found: c:\Users\SANU\Desktop\New folder (2)\12 Feb Onwards\trading_system_fixed\angel_master_instruments.csv
=
   Instrument CSV not found: c:\Users\SANU\Desktop\New folder (2)\12 Feb Onwards\trading_system_fixed\angel_master_instruments.csv
=
   Instrument CSV not found: c:\Users\SANU\Desktop\New folder (2)\12 Feb Onwards\trading_system_fixed\angel_master_instruments.csv
=
   Instrument CSV not found: c:\Users\SANU\Desktop\New folder (2)\12 Feb Onwards\trading_system_fixed\angel_master_instruments.csv
=
   Instrument CSV not found: c:\Users\SANU\Desktop\New folder (2)\12 Feb Onwards\trading_system_fixed\angel_master_instruments.csv
=
   Instrument CSV not found: c:\Users\SANU\Desktop\New folder (2)\12 Feb Onwards\trading_system_fixed\angel_master_instruments.csv
=
   Instrument CSV not found: c:\Users\SANU\Desktop\New folder (2)\12 Feb Onwards\trading_system_fixed\angel_master_instruments.csv
=
   Instrument CSV not found: c:\Users\SANU\Desktop\New folder (2)\12 Feb Onwards\trading_system_fixed\angel_master_instruments.csv
=
   Instrument CSV not found: c:\Users\SANU\Desktop\New folder (2)\12 Feb Onwards\trading_system_fixed\angel_master_instruments.csv
=
   Instrument CSV not found: c:\Users\SANU\Desktop\New folder (2)\12 Feb Onwards\trading_system_fixed\angel_master_instruments.csv
=
   Instrument CSV not found: c:\Users\SANU\Desktop\New folder (2)\12 Feb Onwards\trading_system_fixed\angel_master_instruments.csv
=
   Instrument CSV not found: c:\Users\SANU\Desktop\New folder (2)\12 Feb Onwards\trading_system_fixed\angel_master_instruments.csv
=
   Instrument CSV not found: c:\Users\SANU\Desktop\New folder (2)\12 Feb Onwards\trading_system_fixed\angel_master_instruments.csv
=
   Instrument CSV not found: c:\Users\SANU\Desktop\New folder (2)\12 Feb Onwards\trading_system_fixed\angel_master_instruments.csv
=
   Instrument CSV not found: c:\Users\SANU\Desktop\New folder (2)\12 Feb Onwards\trading_system_fixed\angel_master_instruments.csv
=
   Instrument CSV not found: c:\Users\SANU\Desktop\New folder (2)\12 Feb Onwards\trading_system_fixed\angel_master_instruments.csv
=
   Instrument CSV not found: c:\Users\SANU\Desktop\New folder (2)\12 Feb Onwards\trading_system_fixed\angel_master_instruments.csv
=
2026-02-15 13:50:54,422 [INFO] ================================================================================
2026-02-15 13:50:54,422 [INFO] SHUTDOWN SEQUENCE
2026-02-15 13:50:54,422 [INFO] ================================================================================
2026-02-15 13:50:54,427 [INFO] ================================================================================
2026-02-15 13:50:54,429 [INFO]  SHUTDOWN COMPLETE
2026-02-15 13:50:54,430 [INFO] ================================================================================
2026-02-15 13:50:54,431 [INFO] ================================================================================
2026-02-15 13:51:18,930 [INFO]  SmartWebSocketV2 patched for signature safety
2026-02-15 13:51:18,957 [INFO] ================================================================================
2026-02-15 13:51:18,957 [INFO] NIFTY THETA STRATEGY v3.0 - PAPER MODE
2026-02-15 13:51:18,958 [INFO] ================================================================================
2026-02-15 13:51:19,157 [INFO]  Time drift: 2.416s
2026-02-15 13:51:19,159 [INFO]  Time sync OK
2026-02-15 13:51:19,162 [INFO] ================================================================================
2026-02-15 13:51:19,165 [INFO]  LOGGING IN TO ANGEL ONE
2026-02-15 13:51:19,167 [INFO] ================================================================================
2026-02-15 13:51:19,509 [INFO] Client Code: A300707
2026-02-15 13:51:19,509 [INFO] TOTP: 243309
2026-02-15 13:51:21,059 [INFO]  Login successful
2026-02-15 13:51:21,061 [INFO] Session: Bearer eyJhbGciOiJIU...
2026-02-15 13:51:21,064 [INFO] ================================================================================
2026-02-15 13:51:21,066 [INFO] CREATING DATA FEED: LIVE MODE
2026-02-15 13:51:21,068 [INFO] ================================================================================
2026-02-15 13:51:21,068 [INFO]  LIVE mode - initializing ENHANCED WebSocket
2026-02-15 13:51:21,075 [INFO]  Tick recorder: c:\Users\SANU\Desktop\New folder (2)\12 Feb Onwards\trading_system_fixed\tick_data
2026-02-15 13:51:21,078 [INFO]  Connecting WebSocket...
2026-02-15 13:51:21,318 [INFO] Websocket connected
2026-02-15 13:51:21,325 [INFO]  WebSocket connection opened
2026-02-15 13:51:21,329 [INFO]  WebSocket connected - LTP cache INVALIDATED
2026-02-15 13:51:21,334 [INFO]  Heartbeat watchdog started (timeout: 30.0s)
2026-02-15 13:51:21,335 [INFO]  LIVE data feed initialized
2026-02-15 13:51:21,340 [INFO] ================================================================================
2026-02-15 13:51:21,343 [INFO] CREATING BROKER: PAPER MODE
2026-02-15 13:51:21,345 [INFO] ================================================================================
2026-02-15 13:51:21,346 [INFO] TelegramNotifierTextOnly initialized (interval=60s)
2026-02-15 13:51:21,348 [INFO]  NOTIFIER PROTOCOL ASSERTION PASSED - all 9 methods verified
2026-02-15 13:51:24,886 [INFO] TelegramNotifierTextOnly started
2026-02-15 13:51:24,887 [INFO] ================================================================================
2026-02-15 13:51:24,887 [INFO]  NOTIFIER PROTOCOL VALIDATED
2026-02-15 13:51:24,888 [INFO] ================================================================================
2026-02-15 13:51:24,890 [INFO] All 9 required methods present
2026-02-15 13:51:24,891 [INFO] ================================================================================
2026-02-15 13:51:24,893 [INFO]  Telegram notifier started and validated
2026-02-15 13:51:24,896 [INFO] State version 1.0 detected, migrating to 2.0
2026-02-15 13:51:24,896 [INFO] Migrating state from v1.0 to v2.0 format
2026-02-15 13:51:24,900 [INFO] State migration v1.0 -> v2.0 complete
2026-02-15 13:51:24,901 [INFO] State validation: State validation complete
2026-02-15 13:51:24,909 [INFO]  PAPER TRADING MODE - Simulated orders only
2026-02-15 13:51:24,913 [INFO] ======================================================================
2026-02-15 13:51:24,915 [INFO]  EXECUTION GATEWAY INITIALIZED
2026-02-15 13:51:24,917 [INFO] ======================================================================
2026-02-15 13:51:24,917 [INFO] Rate Limit: 20 orders/minute
2026-02-15 13:51:24,921 [INFO] Max Daily Loss: 10000.0
2026-02-15 13:51:24,923 [INFO] Circuit Breaker: ENABLED
2026-02-15 13:51:24,923 [INFO] Kill Switch: OFF
2026-02-15 13:51:24,927 [INFO] No New Trades: NO
2026-02-15 13:51:24,929 [INFO] ======================================================================
2026-02-15 13:51:24,931 [INFO]  PaperBroker: ExecutionGateway integrated
2026-02-15 13:51:24,932 [INFO]  PaperBroker: API rate limit = 2.0 calls/sec
2026-02-15 13:51:26,118 [INFO]  Loaded 187043 instruments
2026-02-15 13:51:26,119 [INFO]  Notifier logging handler attached
2026-02-15 13:51:27,100 [INFO]  Sent system status: Login=SUCCESS, WS=PENDING
2026-02-15 13:51:29,650 [INFO] ================================================================================
2026-02-15 13:51:30,209 [INFO] [OK] NOTIFIER CONTRACT ASSERTION PASSED
2026-02-15 13:51:30,710 [INFO] ================================================================================
2026-02-15 13:51:31,228 [INFO] All 9 required methods verified
2026-02-15 13:51:31,716 [INFO] ================================================================================
2026-02-15 13:51:32,256 [INFO]  Liveness monitor is DISABLED
2026-02-15 13:51:32,975 [INFO]  Liveness monitoring disabled (ENABLE_LIVENESS_MONITOR=false)
2026-02-15 13:51:33,444 [INFO] [START] Starting strategy...
2026-02-15 13:51:34,106 [INFO] [SAFETY] Checking broker for open positions on startup...
2026-02-15 13:51:34,589 [INFO] [SAFETY] No open positions at broker - starting fresh
2026-02-15 13:51:35,089 [INFO] Market hours detected - skipping standby mode
2026-02-15 13:51:35,578 [INFO] [PHASE] PHASE TRANSITION: INIT -> IN TRADE
2026-02-15 13:51:35,585 [INFO]  13:51:35 | INIT | P&L: Rs0.00 | Pos: 0
2026-02-15 13:51:35,586 [INFO] [OK] Strategy engine started
2026-02-15 13:51:37,069 [INFO] ================================================================================
2026-02-15 13:51:37,581 [INFO]  STRATEGY RUNNING
2026-02-15 13:51:38,094 [INFO] ================================================================================
2026-02-15 13:51:38,094 [INFO]  Sent phase change: None  IN TRADE
2026-02-15 13:51:38,552 [INFO] Data Source: LIVE
2026-02-15 13:51:39,630 [INFO] Trading Mode: PAPER
2026-02-15 13:51:40,138 [INFO] Press Ctrl+C to stop
2026-02-15 13:51:40,638 [INFO] ================================================================================
2026-02-15 13:51:41,585 [INFO]  13:51:41 | IN TRADE | P&L: Rs0.00 | Pos: 0
2026-02-15 13:51:47,089 [INFO]  13:51:47 | IN TRADE | P&L: Rs0.00 | Pos: 0
2026-02-15 15:44:27,122 [INFO] State version 1.0 detected, migrating to 2.0
2026-02-15 15:44:27,131 [INFO] Migrating state from v1.0 to v2.0 format
2026-02-15 15:44:27,132 [INFO] State migration v1.0 -> v2.0 complete
2026-02-15 15:44:27,156 [INFO] State validation: State validation complete
2026-02-15 15:52:43,581 [WARNING] Invalid leg_name: invalid_leg
2026-02-15 15:56:02,302 [WARNING] Invalid leg_name: invalid_leg
2026-02-15 15:56:29,647 [WARNING] Invalid leg_name: invalid_leg
2026-02-15 16:00:07,657 [WARNING] Invalid leg_name: invalid_leg
2026-02-15 16:38:45,663 [WARNING] Invalid leg_name: invalid_leg
2026-02-15 16:40:02,787 [WARNING] Invalid leg_name: invalid_leg
2026-02-15 16:41:21,194 [WARNING] Invalid leg_name: invalid_leg
2026-02-15 16:41:34,324 [WARNING] Invalid leg_name: invalid_leg
2026-02-15 16:45:19,160 [WARNING] Invalid leg_name: invalid_leg
2026-02-15 16:45:25,934 [WARNING] Invalid leg_name: invalid_leg
2026-02-15 16:46:16,600 [INFO]  SmartWebSocketV2 patched for signature safety
2026-02-15 16:46:16,664 [INFO] ================================================================================
2026-02-15 16:46:16,664 [INFO] NIFTY THETA STRATEGY v3.0 - PAPER MODE
2026-02-15 16:46:16,664 [INFO] ================================================================================
2026-02-15 16:46:16,876 [INFO]  Time drift: 2.474s
2026-02-15 16:46:16,876 [INFO]  Time sync OK
2026-02-15 16:46:16,876 [INFO] ================================================================================
2026-02-15 16:46:16,876 [INFO]  LOGGING IN TO ANGEL ONE
2026-02-15 16:46:16,876 [INFO] ================================================================================
2026-02-15 16:46:17,351 [CRITICAL]  Login failed: object of type 'NoneType' has no len()
Traceback (most recent call last):
  File "C:\Users\SANU\Desktop\New folder (2)\12 Feb Onwards\trading_system_fixed\main.py", line 222, in login_to_angel_one
    totp = pyotp.TOTP(Config.TOTP_SECRET).now()
           ^^^^^^^^^^^^^^^^^^^^^^^^^^^^^^^^^^^^
  File "C:\Users\SANU\AppData\Local\Programs\Python\Python311\Lib\site-packages\pyotp\totp.py", line 64, in now
    return self.generate_otp(self.timecode(datetime.datetime.now()))
           ^^^^^^^^^^^^^^^^^^^^^^^^^^^^^^^^^^^^^^^^^^^^^^^^^^^^^^^^^
  File "C:\Users\SANU\AppData\Local\Programs\Python\Python311\Lib\site-packages\pyotp\otp.py", line 35, in generate_otp
    hasher = hmac.new(self.byte_secret(), self.int_to_bytestring(input), self.digest)
                      ^^^^^^^^^^^^^^^^^^
  File "C:\Users\SANU\AppData\Local\Programs\Python\Python311\Lib\site-packages\pyotp\otp.py", line 49, in byte_secret
    missing_padding = len(secret) % 8
                      ^^^^^^^^^^^
TypeError: object of type 'NoneType' has no len()
2026-02-15 16:46:17,354 [INFO] ================================================================================
2026-02-15 16:46:17,354 [INFO] SHUTDOWN SEQUENCE
2026-02-15 16:46:17,354 [INFO] ================================================================================
2026-02-15 16:46:17,354 [INFO] ================================================================================
2026-02-15 16:46:17,354 [INFO]  SHUTDOWN COMPLETE
2026-02-15 16:46:17,354 [INFO] ================================================================================
2026-02-15 16:46:53,383 [WARNING] Invalid leg_name: invalid_leg
2026-02-15 16:58:22,916 [INFO]  SmartWebSocketV2 patched for signature safety
2026-02-15 16:58:22,945 [INFO] ================================================================================
2026-02-15 16:58:22,945 [INFO] NIFTY THETA STRATEGY v3.0 - PAPER MODE
2026-02-15 16:58:22,946 [INFO] ================================================================================
2026-02-15 16:58:23,087 [INFO]  Time drift: 2.517s
2026-02-15 16:58:23,087 [INFO]  Time sync OK
2026-02-15 16:58:23,088 [INFO] ================================================================================
2026-02-15 16:58:23,089 [INFO]  LOGGING IN TO ANGEL ONE
2026-02-15 16:58:23,090 [INFO] ================================================================================
2026-02-15 16:58:23,426 [INFO] Client Code: A300707
2026-02-15 16:58:23,426 [INFO] TOTP: 577237
2026-02-15 16:58:24,864 [INFO]  Login successful
2026-02-15 16:58:24,864 [INFO] Session: Bearer eyJhbGciOiJIU...
2026-02-15 16:58:24,864 [INFO] ================================================================================
2026-02-15 16:58:24,880 [INFO] CREATING DATA FEED: LIVE MODE
2026-02-15 16:58:24,880 [INFO] ================================================================================
2026-02-15 16:58:24,880 [INFO]  LIVE mode - initializing ENHANCED WebSocket
2026-02-15 16:58:24,880 [INFO]  Tick recorder: c:\Users\SANU\Desktop\New folder (2)\12 Feb Onwards\trading_system_fixed\tick_data
2026-02-15 16:58:24,880 [INFO]  Connecting WebSocket...
2026-02-15 16:58:25,086 [INFO] Websocket connected
2026-02-15 16:58:25,088 [INFO]  WebSocket connection opened
2026-02-15 16:58:25,091 [INFO]  WebSocket connected - LTP cache INVALIDATED
2026-02-15 16:58:25,093 [INFO]  Heartbeat watchdog started (timeout: 30.0s)
2026-02-15 16:58:25,094 [INFO]  LIVE data feed initialized
2026-02-15 16:58:25,096 [INFO] ================================================================================
2026-02-15 16:58:25,097 [INFO] CREATING BROKER: PAPER MODE
2026-02-15 16:58:25,098 [INFO] ================================================================================
2026-02-15 16:58:25,100 [INFO] TelegramNotifierTextOnly initialized (interval=60s)
2026-02-15 16:58:25,101 [INFO]  NOTIFIER PROTOCOL ASSERTION PASSED - all 9 methods verified
2026-02-15 16:58:28,044 [INFO] TelegramNotifierTextOnly started
2026-02-15 16:58:28,045 [INFO] ================================================================================
2026-02-15 16:58:28,046 [INFO]  NOTIFIER PROTOCOL VALIDATED
2026-02-15 16:58:28,047 [INFO] ================================================================================
2026-02-15 16:58:28,048 [INFO] All 9 required methods present
2026-02-15 16:58:28,049 [INFO] ================================================================================
2026-02-15 16:58:28,051 [INFO]  Telegram notifier started and validated
2026-02-15 16:58:28,060 [INFO]  PAPER TRADING MODE - Simulated orders only
2026-02-15 16:58:28,062 [INFO] ======================================================================
2026-02-15 16:58:28,063 [INFO]  EXECUTION GATEWAY INITIALIZED
2026-02-15 16:58:28,065 [INFO] ======================================================================
2026-02-15 16:58:28,067 [INFO] Rate Limit: 20 orders/minute
2026-02-15 16:58:28,068 [INFO] Max Daily Loss: 10000.0
2026-02-15 16:58:28,069 [INFO] Circuit Breaker: ENABLED
2026-02-15 16:58:28,071 [INFO] Kill Switch: OFF
2026-02-15 16:58:28,072 [INFO] No New Trades: NO
2026-02-15 16:58:28,072 [INFO] ======================================================================
2026-02-15 16:58:28,073 [INFO]  PaperBroker: ExecutionGateway integrated
2026-02-15 16:58:29,200 [INFO]  Loaded 187043 instruments
2026-02-15 16:58:29,201 [INFO]  Notifier logging handler attached
2026-02-15 16:58:30,134 [INFO]  Sent system status: Login=SUCCESS, WS=PENDING
2026-02-15 16:58:32,689 [INFO] ================================================================================
2026-02-15 16:58:33,145 [INFO] [OK] NOTIFIER CONTRACT ASSERTION PASSED
2026-02-15 16:58:33,614 [INFO] ================================================================================
2026-02-15 16:58:34,069 [INFO] All 9 required methods verified
2026-02-15 16:58:34,545 [INFO] ================================================================================
2026-02-15 16:58:34,990 [INFO] [START] Starting strategy...
2026-02-15 16:58:35,476 [INFO] [SAFETY] Checking broker for open positions on startup...
2026-02-15 16:58:35,958 [INFO] [SAFETY] No open positions at broker - starting fresh
2026-02-15 16:58:36,427 [INFO] Market hours detected - skipping standby mode
2026-02-15 16:58:36,893 [INFO] [PHASE] PHASE TRANSITION: INIT -> CLOSED
2026-02-15 16:58:36,895 [WARNING]  SQUAREOFF
2026-02-15 16:58:36,896 [INFO]  16:58:36 | INIT | P&L: Rs0.00 | Pos: 0
2026-02-15 16:58:36,896 [INFO] [OK] Strategy engine started
2026-02-15 16:58:37,898 [INFO]  TRAILING STOP-LOSS ACTIVATED (14:15)
2026-02-15 16:58:38,754 [INFO] ================================================================================
2026-02-15 16:58:38,996 [INFO]  Sent phase change: None  CLOSED
2026-02-15 16:58:39,668 [INFO]  STRATEGY RUNNING
2026-02-15 16:58:40,734 [INFO] ================================================================================
2026-02-15 16:58:41,188 [INFO] Data Source: LIVE
2026-02-15 16:58:41,667 [INFO] Trading Mode: PAPER
2026-02-15 16:58:42,123 [INFO] Press Ctrl+C to stop
2026-02-15 16:58:42,597 [INFO] ================================================================================
2026-02-15 16:58:43,286 [INFO]  16:58:43 | CLOSED | P&L: Rs0.00 | Pos: 0
2026-02-15 16:58:48,761 [INFO]  16:58:48 | CLOSED | P&L: Rs0.00 | Pos: 0
2026-02-15 16:58:54,225 [INFO]  16:58:54 | CLOSED | P&L: Rs0.00 | Pos: 0
2026-02-15 16:58:55,095 [WARNING]  No ticks for 30.0s. Forcing reconnect.
2026-02-15 16:58:55,599 [WARNING] [PATCH] _on_close error (continuing): SmartWebSocketV2._on_close() missing 1 required positional argument: 'wsapp'
2026-02-15 17:05:40,731 [INFO]  SmartWebSocketV2 patched for signature safety
2026-02-15 18:27:44,280 [INFO]  SmartWebSocketV2 patched for signature safety
2026-02-15 18:27:44,364 [INFO] ================================================================================
2026-02-15 18:27:44,364 [INFO] NIFTY THETA STRATEGY v3.0 - PAPER MODE
2026-02-15 18:27:44,365 [INFO] ================================================================================
2026-02-15 18:27:44,367 [CRITICAL]  FATAL ERROR: ================================================================================
 CONFIGURATION VALIDATION FAILED
=
 CONFIGURATION VALIDATION FAILED
=
 CONFIGURATION VALIDATION FAILED
=
 CONFIGURATION VALIDATION FAILED
=
 CONFIGURATION VALIDATION FAILED
=
 CONFIGURATION VALIDATION FAILED
=
 CONFIGURATION VALIDATION FAILED
=
 CONFIGURATION VALIDATION FAILED
=
 CONFIGURATION VALIDATION FAILED
=
 CONFIGURATION VALIDATION FAILED
=
 CONFIGURATION VALIDATION FAILED
=
 CONFIGURATION VALIDATION FAILED
=
 CONFIGURATION VALIDATION FAILED
=
 CONFIGURATION VALIDATION FAILED
=
 CONFIGURATION VALIDATION FAILED
=
 CONFIGURATION VALIDATION FAILED
=
 CONFIGURATION VALIDATION FAILED
=
 CONFIGURATION VALIDATION FAILED
=
 CONFIGURATION VALIDATION FAILED
=
 CONFIGURATION VALIDATION FAILED
=
 CONFIGURATION VALIDATION FAILED
=
 CONFIGURATION VALIDATION FAILED
=
 CONFIGURATION VALIDATION FAILED
=
 CONFIGURATION VALIDATION FAILED
=
 CONFIGURATION VALIDATION FAILED
=
 CONFIGURATION VALIDATION FAILED
=
 CONFIGURATION VALIDATION FAILED
=
 CONFIGURATION VALIDATION FAILED
=
 CONFIGURATION VALIDATION FAILED
=
 CONFIGURATION VALIDATION FAILED
=
 CONFIGURATION VALIDATION FAILED
=
 CONFIGURATION VALIDATION FAILED
=
 CONFIGURATION VALIDATION FAILED
=
 CONFIGURATION VALIDATION FAILED
=
 CONFIGURATION VALIDATION FAILED
=
 CONFIGURATION VALIDATION FAILED
=
 CONFIGURATION VALIDATION FAILED
=
 CONFIGURATION VALIDATION FAILED
=
 CONFIGURATION VALIDATION FAILED
=
 CONFIGURATION VALIDATION FAILED
=
 CONFIGURATION VALIDATION FAILED
=
 CONFIGURATION VALIDATION FAILED
=
 CONFIGURATION VALIDATION FAILED
=
 CONFIGURATION VALIDATION FAILED
=
 CONFIGURATION VALIDATION FAILED
=
 CONFIGURATION VALIDATION FAILED
=
 CONFIGURATION VALIDATION FAILED
=
 CONFIGURATION VALIDATION FAILED
=
 CONFIGURATION VALIDATION FAILED
=
 CONFIGURATION VALIDATION FAILED
=
 CONFIGURATION VALIDATION FAILED
=
 CONFIGURATION VALIDATION FAILED
=
 CONFIGURATION VALIDATION FAILED
=
 CONFIGURATION VALIDATION FAILED
=
 CONFIGURATION VALIDATION FAILED
=
 CONFIGURATION VALIDATION FAILED
=
 CONFIGURATION VALIDATION FAILED
=
 CONFIGURATION VALIDATION FAILED
=
 CONFIGURATION VALIDATION FAILED
=
 CONFIGURATION VALIDATION FAILED
=
 CONFIGURATION VALIDATION FAILED
=
 CONFIGURATION VALIDATION FAILED
=
 CONFIGURATION VALIDATION FAILED
=
 CONFIGURATION VALIDATION FAILED
=
 CONFIGURATION VALIDATION FAILED
=
 CONFIGURATION VALIDATION FAILED
=
 CONFIGURATION VALIDATION FAILED
=
 CONFIGURATION VALIDATION FAILED
=
 CONFIGURATION VALIDATION FAILED
=
 CONFIGURATION VALIDATION FAILED
=
 CONFIGURATION VALIDATION FAILED
=
 CONFIGURATION VALIDATION FAILED
=
 CONFIGURATION VALIDATION FAILED
=
 CONFIGURATION VALIDATION FAILED
=
 CONFIGURATION VALIDATION FAILED
=
 CONFIGURATION VALIDATION FAILED
=
 CONFIGURATION VALIDATION FAILED
=
 CONFIGURATION VALIDATION FAILED
=
 CONFIGURATION VALIDATION FAILED
=
 CONFIGURATION VALIDATION FAILED
=
   Instrument CSV not found: c:\Users\SANU\Desktop\New folder (2)\12 Feb Onwards\trading_system_fixed\angel_master_instruments.csv
=
   Instrument CSV not found: c:\Users\SANU\Desktop\New folder (2)\12 Feb Onwards\trading_system_fixed\angel_master_instruments.csv
=
   Instrument CSV not found: c:\Users\SANU\Desktop\New folder (2)\12 Feb Onwards\trading_system_fixed\angel_master_instruments.csv
=
   Instrument CSV not found: c:\Users\SANU\Desktop\New folder (2)\12 Feb Onwards\trading_system_fixed\angel_master_instruments.csv
=
   Instrument CSV not found: c:\Users\SANU\Desktop\New folder (2)\12 Feb Onwards\trading_system_fixed\angel_master_instruments.csv
=
   Instrument CSV not found: c:\Users\SANU\Desktop\New folder (2)\12 Feb Onwards\trading_system_fixed\angel_master_instruments.csv
=
   Instrument CSV not found: c:\Users\SANU\Desktop\New folder (2)\12 Feb Onwards\trading_system_fixed\angel_master_instruments.csv
=
   Instrument CSV not found: c:\Users\SANU\Desktop\New folder (2)\12 Feb Onwards\trading_system_fixed\angel_master_instruments.csv
=
   Instrument CSV not found: c:\Users\SANU\Desktop\New folder (2)\12 Feb Onwards\trading_system_fixed\angel_master_instruments.csv
=
   Instrument CSV not found: c:\Users\SANU\Desktop\New folder (2)\12 Feb Onwards\trading_system_fixed\angel_master_instruments.csv
=
   Instrument CSV not found: c:\Users\SANU\Desktop\New folder (2)\12 Feb Onwards\trading_system_fixed\angel_master_instruments.csv
=
   Instrument CSV not found: c:\Users\SANU\Desktop\New folder (2)\12 Feb Onwards\trading_system_fixed\angel_master_instruments.csv
=
   Instrument CSV not found: c:\Users\SANU\Desktop\New folder (2)\12 Feb Onwards\trading_system_fixed\angel_master_instruments.csv
=
   Instrument CSV not found: c:\Users\SANU\Desktop\New folder (2)\12 Feb Onwards\trading_system_fixed\angel_master_instruments.csv
=
   Instrument CSV not found: c:\Users\SANU\Desktop\New folder (2)\12 Feb Onwards\trading_system_fixed\angel_master_instruments.csv
=
   Instrument CSV not found: c:\Users\SANU\Desktop\New folder (2)\12 Feb Onwards\trading_system_fixed\angel_master_instruments.csv
=
   Instrument CSV not found: c:\Users\SANU\Desktop\New folder (2)\12 Feb Onwards\trading_system_fixed\angel_master_instruments.csv
=
   Instrument CSV not found: c:\Users\SANU\Desktop\New folder (2)\12 Feb Onwards\trading_system_fixed\angel_master_instruments.csv
=
   Instrument CSV not found: c:\Users\SANU\Desktop\New folder (2)\12 Feb Onwards\trading_system_fixed\angel_master_instruments.csv
=
   Instrument CSV not found: c:\Users\SANU\Desktop\New folder (2)\12 Feb Onwards\trading_system_fixed\angel_master_instruments.csv
=
   Instrument CSV not found: c:\Users\SANU\Desktop\New folder (2)\12 Feb Onwards\trading_system_fixed\angel_master_instruments.csv
=
   Instrument CSV not found: c:\Users\SANU\Desktop\New folder (2)\12 Feb Onwards\trading_system_fixed\angel_master_instruments.csv
=
   Instrument CSV not found: c:\Users\SANU\Desktop\New folder (2)\12 Feb Onwards\trading_system_fixed\angel_master_instruments.csv
=
   Instrument CSV not found: c:\Users\SANU\Desktop\New folder (2)\12 Feb Onwards\trading_system_fixed\angel_master_instruments.csv
=
   Instrument CSV not found: c:\Users\SANU\Desktop\New folder (2)\12 Feb Onwards\trading_system_fixed\angel_master_instruments.csv
=
   Instrument CSV not found: c:\Users\SANU\Desktop\New folder (2)\12 Feb Onwards\trading_system_fixed\angel_master_instruments.csv
=
   Instrument CSV not found: c:\Users\SANU\Desktop\New folder (2)\12 Feb Onwards\trading_system_fixed\angel_master_instruments.csv
=
   Instrument CSV not found: c:\Users\SANU\Desktop\New folder (2)\12 Feb Onwards\trading_system_fixed\angel_master_instruments.csv
=
   Instrument CSV not found: c:\Users\SANU\Desktop\New folder (2)\12 Feb Onwards\trading_system_fixed\angel_master_instruments.csv
=
   Instrument CSV not found: c:\Users\SANU\Desktop\New folder (2)\12 Feb Onwards\trading_system_fixed\angel_master_instruments.csv
=
   Instrument CSV not found: c:\Users\SANU\Desktop\New folder (2)\12 Feb Onwards\trading_system_fixed\angel_master_instruments.csv
=
   Instrument CSV not found: c:\Users\SANU\Desktop\New folder (2)\12 Feb Onwards\trading_system_fixed\angel_master_instruments.csv
=
   Instrument CSV not found: c:\Users\SANU\Desktop\New folder (2)\12 Feb Onwards\trading_system_fixed\angel_master_instruments.csv
=
   Instrument CSV not found: c:\Users\SANU\Desktop\New folder (2)\12 Feb Onwards\trading_system_fixed\angel_master_instruments.csv
=
   Instrument CSV not found: c:\Users\SANU\Desktop\New folder (2)\12 Feb Onwards\trading_system_fixed\angel_master_instruments.csv
=
   Instrument CSV not found: c:\Users\SANU\Desktop\New folder (2)\12 Feb Onwards\trading_system_fixed\angel_master_instruments.csv
=
   Instrument CSV not found: c:\Users\SANU\Desktop\New folder (2)\12 Feb Onwards\trading_system_fixed\angel_master_instruments.csv
=
   Instrument CSV not found: c:\Users\SANU\Desktop\New folder (2)\12 Feb Onwards\trading_system_fixed\angel_master_instruments.csv
=
   Instrument CSV not found: c:\Users\SANU\Desktop\New folder (2)\12 Feb Onwards\trading_system_fixed\angel_master_instruments.csv
=
   Instrument CSV not found: c:\Users\SANU\Desktop\New folder (2)\12 Feb Onwards\trading_system_fixed\angel_master_instruments.csv
=
   Instrument CSV not found: c:\Users\SANU\Desktop\New folder (2)\12 Feb Onwards\trading_system_fixed\angel_master_instruments.csv
=
   Instrument CSV not found: c:\Users\SANU\Desktop\New folder (2)\12 Feb Onwards\trading_system_fixed\angel_master_instruments.csv
=
   Instrument CSV not found: c:\Users\SANU\Desktop\New folder (2)\12 Feb Onwards\trading_system_fixed\angel_master_instruments.csv
=
   Instrument CSV not found: c:\Users\SANU\Desktop\New folder (2)\12 Feb Onwards\trading_system_fixed\angel_master_instruments.csv
=
   Instrument CSV not found: c:\Users\SANU\Desktop\New folder (2)\12 Feb Onwards\trading_system_fixed\angel_master_instruments.csv
=
   Instrument CSV not found: c:\Users\SANU\Desktop\New folder (2)\12 Feb Onwards\trading_system_fixed\angel_master_instruments.csv
=
   Instrument CSV not found: c:\Users\SANU\Desktop\New folder (2)\12 Feb Onwards\trading_system_fixed\angel_master_instruments.csv
=
   Instrument CSV not found: c:\Users\SANU\Desktop\New folder (2)\12 Feb Onwards\trading_system_fixed\angel_master_instruments.csv
=
   Instrument CSV not found: c:\Users\SANU\Desktop\New folder (2)\12 Feb Onwards\trading_system_fixed\angel_master_instruments.csv
=
   Instrument CSV not found: c:\Users\SANU\Desktop\New folder (2)\12 Feb Onwards\trading_system_fixed\angel_master_instruments.csv
=
   Instrument CSV not found: c:\Users\SANU\Desktop\New folder (2)\12 Feb Onwards\trading_system_fixed\angel_master_instruments.csv
=
   Instrument CSV not found: c:\Users\SANU\Desktop\New folder (2)\12 Feb Onwards\trading_system_fixed\angel_master_instruments.csv
=
   Instrument CSV not found: c:\Users\SANU\Desktop\New folder (2)\12 Feb Onwards\trading_system_fixed\angel_master_instruments.csv
=
   Instrument CSV not found: c:\Users\SANU\Desktop\New folder (2)\12 Feb Onwards\trading_system_fixed\angel_master_instruments.csv
=
   Instrument CSV not found: c:\Users\SANU\Desktop\New folder (2)\12 Feb Onwards\trading_system_fixed\angel_master_instruments.csv
=
   Instrument CSV not found: c:\Users\SANU\Desktop\New folder (2)\12 Feb Onwards\trading_system_fixed\angel_master_instruments.csv
=
   Instrument CSV not found: c:\Users\SANU\Desktop\New folder (2)\12 Feb Onwards\trading_system_fixed\angel_master_instruments.csv
=
   Instrument CSV not found: c:\Users\SANU\Desktop\New folder (2)\12 Feb Onwards\trading_system_fixed\angel_master_instruments.csv
=
   Instrument CSV not found: c:\Users\SANU\Desktop\New folder (2)\12 Feb Onwards\trading_system_fixed\angel_master_instruments.csv
=
   Instrument CSV not found: c:\Users\SANU\Desktop\New folder (2)\12 Feb Onwards\trading_system_fixed\angel_master_instruments.csv
=
   Instrument CSV not found: c:\Users\SANU\Desktop\New folder (2)\12 Feb Onwards\trading_system_fixed\angel_master_instruments.csv
=
   Instrument CSV not found: c:\Users\SANU\Desktop\New folder (2)\12 Feb Onwards\trading_system_fixed\angel_master_instruments.csv
=
   Instrument CSV not found: c:\Users\SANU\Desktop\New folder (2)\12 Feb Onwards\trading_system_fixed\angel_master_instruments.csv
=
   Instrument CSV not found: c:\Users\SANU\Desktop\New folder (2)\12 Feb Onwards\trading_system_fixed\angel_master_instruments.csv
=
   Instrument CSV not found: c:\Users\SANU\Desktop\New folder (2)\12 Feb Onwards\trading_system_fixed\angel_master_instruments.csv
=
   Instrument CSV not found: c:\Users\SANU\Desktop\New folder (2)\12 Feb Onwards\trading_system_fixed\angel_master_instruments.csv
=
   Instrument CSV not found: c:\Users\SANU\Desktop\New folder (2)\12 Feb Onwards\trading_system_fixed\angel_master_instruments.csv
=
   Instrument CSV not found: c:\Users\SANU\Desktop\New folder (2)\12 Feb Onwards\trading_system_fixed\angel_master_instruments.csv
=
   Instrument CSV not found: c:\Users\SANU\Desktop\New folder (2)\12 Feb Onwards\trading_system_fixed\angel_master_instruments.csv
=
   Instrument CSV not found: c:\Users\SANU\Desktop\New folder (2)\12 Feb Onwards\trading_system_fixed\angel_master_instruments.csv
=
   Instrument CSV not found: c:\Users\SANU\Desktop\New folder (2)\12 Feb Onwards\trading_system_fixed\angel_master_instruments.csv
=
   Instrument CSV not found: c:\Users\SANU\Desktop\New folder (2)\12 Feb Onwards\trading_system_fixed\angel_master_instruments.csv
=
   Instrument CSV not found: c:\Users\SANU\Desktop\New folder (2)\12 Feb Onwards\trading_system_fixed\angel_master_instruments.csv
=
   Instrument CSV not found: c:\Users\SANU\Desktop\New folder (2)\12 Feb Onwards\trading_system_fixed\angel_master_instruments.csv
=
   Instrument CSV not found: c:\Users\SANU\Desktop\New folder (2)\12 Feb Onwards\trading_system_fixed\angel_master_instruments.csv
=
   Instrument CSV not found: c:\Users\SANU\Desktop\New folder (2)\12 Feb Onwards\trading_system_fixed\angel_master_instruments.csv
=
   Instrument CSV not found: c:\Users\SANU\Desktop\New folder (2)\12 Feb Onwards\trading_system_fixed\angel_master_instruments.csv
=
   Instrument CSV not found: c:\Users\SANU\Desktop\New folder (2)\12 Feb Onwards\trading_system_fixed\angel_master_instruments.csv
=
   Instrument CSV not found: c:\Users\SANU\Desktop\New folder (2)\12 Feb Onwards\trading_system_fixed\angel_master_instruments.csv
=
   Instrument CSV not found: c:\Users\SANU\Desktop\New folder (2)\12 Feb Onwards\trading_system_fixed\angel_master_instruments.csv
=
Traceback (most recent call last):
  File "c:\Users\SANU\Desktop\New folder (2)\12 Feb Onwards\trading_system_fixed\main.py", line 267, in main
    Config.validate()
  File "c:\Users\SANU\Desktop\New folder (2)\12 Feb Onwards\trading_system_fixed\config.py", line 339, in validate
    raise ConfigurationError(full_msg)
config.ConfigurationError: ================================================================================
 CONFIGURATION VALIDATION FAILED
=
 CONFIGURATION VALIDATION FAILED
=
 CONFIGURATION VALIDATION FAILED
=
 CONFIGURATION VALIDATION FAILED
=
 CONFIGURATION VALIDATION FAILED
=
 CONFIGURATION VALIDATION FAILED
=
 CONFIGURATION VALIDATION FAILED
=
 CONFIGURATION VALIDATION FAILED
=
 CONFIGURATION VALIDATION FAILED
=
 CONFIGURATION VALIDATION FAILED
=
 CONFIGURATION VALIDATION FAILED
=
 CONFIGURATION VALIDATION FAILED
=
 CONFIGURATION VALIDATION FAILED
=
 CONFIGURATION VALIDATION FAILED
=
 CONFIGURATION VALIDATION FAILED
=
 CONFIGURATION VALIDATION FAILED
=
 CONFIGURATION VALIDATION FAILED
=
 CONFIGURATION VALIDATION FAILED
=
 CONFIGURATION VALIDATION FAILED
=
 CONFIGURATION VALIDATION FAILED
=
 CONFIGURATION VALIDATION FAILED
=
 CONFIGURATION VALIDATION FAILED
=
 CONFIGURATION VALIDATION FAILED
=
 CONFIGURATION VALIDATION FAILED
=
 CONFIGURATION VALIDATION FAILED
=
 CONFIGURATION VALIDATION FAILED
=
 CONFIGURATION VALIDATION FAILED
=
 CONFIGURATION VALIDATION FAILED
=
 CONFIGURATION VALIDATION FAILED
=
 CONFIGURATION VALIDATION FAILED
=
 CONFIGURATION VALIDATION FAILED
=
 CONFIGURATION VALIDATION FAILED
=
 CONFIGURATION VALIDATION FAILED
=
 CONFIGURATION VALIDATION FAILED
=
 CONFIGURATION VALIDATION FAILED
=
 CONFIGURATION VALIDATION FAILED
=
 CONFIGURATION VALIDATION FAILED
=
 CONFIGURATION VALIDATION FAILED
=
 CONFIGURATION VALIDATION FAILED
=
 CONFIGURATION VALIDATION FAILED
=
 CONFIGURATION VALIDATION FAILED
=
 CONFIGURATION VALIDATION FAILED
=
 CONFIGURATION VALIDATION FAILED
=
 CONFIGURATION VALIDATION FAILED
=
 CONFIGURATION VALIDATION FAILED
=
 CONFIGURATION VALIDATION FAILED
=
 CONFIGURATION VALIDATION FAILED
=
 CONFIGURATION VALIDATION FAILED
=
 CONFIGURATION VALIDATION FAILED
=
 CONFIGURATION VALIDATION FAILED
=
 CONFIGURATION VALIDATION FAILED
=
 CONFIGURATION VALIDATION FAILED
=
 CONFIGURATION VALIDATION FAILED
=
 CONFIGURATION VALIDATION FAILED
=
 CONFIGURATION VALIDATION FAILED
=
 CONFIGURATION VALIDATION FAILED
=
 CONFIGURATION VALIDATION FAILED
=
 CONFIGURATION VALIDATION FAILED
=
 CONFIGURATION VALIDATION FAILED
=
 CONFIGURATION VALIDATION FAILED
=
 CONFIGURATION VALIDATION FAILED
=
 CONFIGURATION VALIDATION FAILED
=
 CONFIGURATION VALIDATION FAILED
=
 CONFIGURATION VALIDATION FAILED
=
 CONFIGURATION VALIDATION FAILED
=
 CONFIGURATION VALIDATION FAILED
=
 CONFIGURATION VALIDATION FAILED
=
 CONFIGURATION VALIDATION FAILED
=
 CONFIGURATION VALIDATION FAILED
=
 CONFIGURATION VALIDATION FAILED
=
 CONFIGURATION VALIDATION FAILED
=
 CONFIGURATION VALIDATION FAILED
=
 CONFIGURATION VALIDATION FAILED
=
 CONFIGURATION VALIDATION FAILED
=
 CONFIGURATION VALIDATION FAILED
=
 CONFIGURATION VALIDATION FAILED
=
 CONFIGURATION VALIDATION FAILED
=
 CONFIGURATION VALIDATION FAILED
=
 CONFIGURATION VALIDATION FAILED
=
 CONFIGURATION VALIDATION FAILED
=
   Instrument CSV not found: c:\Users\SANU\Desktop\New folder (2)\12 Feb Onwards\trading_system_fixed\angel_master_instruments.csv
=
   Instrument CSV not found: c:\Users\SANU\Desktop\New folder (2)\12 Feb Onwards\trading_system_fixed\angel_master_instruments.csv
=
   Instrument CSV not found: c:\Users\SANU\Desktop\New folder (2)\12 Feb Onwards\trading_system_fixed\angel_master_instruments.csv
=
   Instrument CSV not found: c:\Users\SANU\Desktop\New folder (2)\12 Feb Onwards\trading_system_fixed\angel_master_instruments.csv
=
   Instrument CSV not found: c:\Users\SANU\Desktop\New folder (2)\12 Feb Onwards\trading_system_fixed\angel_master_instruments.csv
=
   Instrument CSV not found: c:\Users\SANU\Desktop\New folder (2)\12 Feb Onwards\trading_system_fixed\angel_master_instruments.csv
=
   Instrument CSV not found: c:\Users\SANU\Desktop\New folder (2)\12 Feb Onwards\trading_system_fixed\angel_master_instruments.csv
=
   Instrument CSV not found: c:\Users\SANU\Desktop\New folder (2)\12 Feb Onwards\trading_system_fixed\angel_master_instruments.csv
=
   Instrument CSV not found: c:\Users\SANU\Desktop\New folder (2)\12 Feb Onwards\trading_system_fixed\angel_master_instruments.csv
=
   Instrument CSV not found: c:\Users\SANU\Desktop\New folder (2)\12 Feb Onwards\trading_system_fixed\angel_master_instruments.csv
=
   Instrument CSV not found: c:\Users\SANU\Desktop\New folder (2)\12 Feb Onwards\trading_system_fixed\angel_master_instruments.csv
=
   Instrument CSV not found: c:\Users\SANU\Desktop\New folder (2)\12 Feb Onwards\trading_system_fixed\angel_master_instruments.csv
=
   Instrument CSV not found: c:\Users\SANU\Desktop\New folder (2)\12 Feb Onwards\trading_system_fixed\angel_master_instruments.csv
=
   Instrument CSV not found: c:\Users\SANU\Desktop\New folder (2)\12 Feb Onwards\trading_system_fixed\angel_master_instruments.csv
=
   Instrument CSV not found: c:\Users\SANU\Desktop\New folder (2)\12 Feb Onwards\trading_system_fixed\angel_master_instruments.csv
=
   Instrument CSV not found: c:\Users\SANU\Desktop\New folder (2)\12 Feb Onwards\trading_system_fixed\angel_master_instruments.csv
=
   Instrument CSV not found: c:\Users\SANU\Desktop\New folder (2)\12 Feb Onwards\trading_system_fixed\angel_master_instruments.csv
=
   Instrument CSV not found: c:\Users\SANU\Desktop\New folder (2)\12 Feb Onwards\trading_system_fixed\angel_master_instruments.csv
=
   Instrument CSV not found: c:\Users\SANU\Desktop\New folder (2)\12 Feb Onwards\trading_system_fixed\angel_master_instruments.csv
=
   Instrument CSV not found: c:\Users\SANU\Desktop\New folder (2)\12 Feb Onwards\trading_system_fixed\angel_master_instruments.csv
=
   Instrument CSV not found: c:\Users\SANU\Desktop\New folder (2)\12 Feb Onwards\trading_system_fixed\angel_master_instruments.csv
=
   Instrument CSV not found: c:\Users\SANU\Desktop\New folder (2)\12 Feb Onwards\trading_system_fixed\angel_master_instruments.csv
=
   Instrument CSV not found: c:\Users\SANU\Desktop\New folder (2)\12 Feb Onwards\trading_system_fixed\angel_master_instruments.csv
=
   Instrument CSV not found: c:\Users\SANU\Desktop\New folder (2)\12 Feb Onwards\trading_system_fixed\angel_master_instruments.csv
=
   Instrument CSV not found: c:\Users\SANU\Desktop\New folder (2)\12 Feb Onwards\trading_system_fixed\angel_master_instruments.csv
=
   Instrument CSV not found: c:\Users\SANU\Desktop\New folder (2)\12 Feb Onwards\trading_system_fixed\angel_master_instruments.csv
=
   Instrument CSV not found: c:\Users\SANU\Desktop\New folder (2)\12 Feb Onwards\trading_system_fixed\angel_master_instruments.csv
=
   Instrument CSV not found: c:\Users\SANU\Desktop\New folder (2)\12 Feb Onwards\trading_system_fixed\angel_master_instruments.csv
=
   Instrument CSV not found: c:\Users\SANU\Desktop\New folder (2)\12 Feb Onwards\trading_system_fixed\angel_master_instruments.csv
=
   Instrument CSV not found: c:\Users\SANU\Desktop\New folder (2)\12 Feb Onwards\trading_system_fixed\angel_master_instruments.csv
=
   Instrument CSV not found: c:\Users\SANU\Desktop\New folder (2)\12 Feb Onwards\trading_system_fixed\angel_master_instruments.csv
=
   Instrument CSV not found: c:\Users\SANU\Desktop\New folder (2)\12 Feb Onwards\trading_system_fixed\angel_master_instruments.csv
=
   Instrument CSV not found: c:\Users\SANU\Desktop\New folder (2)\12 Feb Onwards\trading_system_fixed\angel_master_instruments.csv
=
   Instrument CSV not found: c:\Users\SANU\Desktop\New folder (2)\12 Feb Onwards\trading_system_fixed\angel_master_instruments.csv
=
   Instrument CSV not found: c:\Users\SANU\Desktop\New folder (2)\12 Feb Onwards\trading_system_fixed\angel_master_instruments.csv
=
   Instrument CSV not found: c:\Users\SANU\Desktop\New folder (2)\12 Feb Onwards\trading_system_fixed\angel_master_instruments.csv
=
   Instrument CSV not found: c:\Users\SANU\Desktop\New folder (2)\12 Feb Onwards\trading_system_fixed\angel_master_instruments.csv
=
   Instrument CSV not found: c:\Users\SANU\Desktop\New folder (2)\12 Feb Onwards\trading_system_fixed\angel_master_instruments.csv
=
   Instrument CSV not found: c:\Users\SANU\Desktop\New folder (2)\12 Feb Onwards\trading_system_fixed\angel_master_instruments.csv
=
   Instrument CSV not found: c:\Users\SANU\Desktop\New folder (2)\12 Feb Onwards\trading_system_fixed\angel_master_instruments.csv
=
   Instrument CSV not found: c:\Users\SANU\Desktop\New folder (2)\12 Feb Onwards\trading_system_fixed\angel_master_instruments.csv
=
   Instrument CSV not found: c:\Users\SANU\Desktop\New folder (2)\12 Feb Onwards\trading_system_fixed\angel_master_instruments.csv
=
   Instrument CSV not found: c:\Users\SANU\Desktop\New folder (2)\12 Feb Onwards\trading_system_fixed\angel_master_instruments.csv
=
   Instrument CSV not found: c:\Users\SANU\Desktop\New folder (2)\12 Feb Onwards\trading_system_fixed\angel_master_instruments.csv
=
   Instrument CSV not found: c:\Users\SANU\Desktop\New folder (2)\12 Feb Onwards\trading_system_fixed\angel_master_instruments.csv
=
   Instrument CSV not found: c:\Users\SANU\Desktop\New folder (2)\12 Feb Onwards\trading_system_fixed\angel_master_instruments.csv
=
   Instrument CSV not found: c:\Users\SANU\Desktop\New folder (2)\12 Feb Onwards\trading_system_fixed\angel_master_instruments.csv
=
   Instrument CSV not found: c:\Users\SANU\Desktop\New folder (2)\12 Feb Onwards\trading_system_fixed\angel_master_instruments.csv
=
   Instrument CSV not found: c:\Users\SANU\Desktop\New folder (2)\12 Feb Onwards\trading_system_fixed\angel_master_instruments.csv
=
   Instrument CSV not found: c:\Users\SANU\Desktop\New folder (2)\12 Feb Onwards\trading_system_fixed\angel_master_instruments.csv
=
   Instrument CSV not found: c:\Users\SANU\Desktop\New folder (2)\12 Feb Onwards\trading_system_fixed\angel_master_instruments.csv
=
   Instrument CSV not found: c:\Users\SANU\Desktop\New folder (2)\12 Feb Onwards\trading_system_fixed\angel_master_instruments.csv
=
   Instrument CSV not found: c:\Users\SANU\Desktop\New folder (2)\12 Feb Onwards\trading_system_fixed\angel_master_instruments.csv
=
   Instrument CSV not found: c:\Users\SANU\Desktop\New folder (2)\12 Feb Onwards\trading_system_fixed\angel_master_instruments.csv
=
   Instrument CSV not found: c:\Users\SANU\Desktop\New folder (2)\12 Feb Onwards\trading_system_fixed\angel_master_instruments.csv
=
   Instrument CSV not found: c:\Users\SANU\Desktop\New folder (2)\12 Feb Onwards\trading_system_fixed\angel_master_instruments.csv
=
   Instrument CSV not found: c:\Users\SANU\Desktop\New folder (2)\12 Feb Onwards\trading_system_fixed\angel_master_instruments.csv
=
   Instrument CSV not found: c:\Users\SANU\Desktop\New folder (2)\12 Feb Onwards\trading_system_fixed\angel_master_instruments.csv
=
   Instrument CSV not found: c:\Users\SANU\Desktop\New folder (2)\12 Feb Onwards\trading_system_fixed\angel_master_instruments.csv
=
   Instrument CSV not found: c:\Users\SANU\Desktop\New folder (2)\12 Feb Onwards\trading_system_fixed\angel_master_instruments.csv
=
   Instrument CSV not found: c:\Users\SANU\Desktop\New folder (2)\12 Feb Onwards\trading_system_fixed\angel_master_instruments.csv
=
   Instrument CSV not found: c:\Users\SANU\Desktop\New folder (2)\12 Feb Onwards\trading_system_fixed\angel_master_instruments.csv
=
   Instrument CSV not found: c:\Users\SANU\Desktop\New folder (2)\12 Feb Onwards\trading_system_fixed\angel_master_instruments.csv
=
   Instrument CSV not found: c:\Users\SANU\Desktop\New folder (2)\12 Feb Onwards\trading_system_fixed\angel_master_instruments.csv
=
   Instrument CSV not found: c:\Users\SANU\Desktop\New folder (2)\12 Feb Onwards\trading_system_fixed\angel_master_instruments.csv
=
   Instrument CSV not found: c:\Users\SANU\Desktop\New folder (2)\12 Feb Onwards\trading_system_fixed\angel_master_instruments.csv
=
   Instrument CSV not found: c:\Users\SANU\Desktop\New folder (2)\12 Feb Onwards\trading_system_fixed\angel_master_instruments.csv
=
   Instrument CSV not found: c:\Users\SANU\Desktop\New folder (2)\12 Feb Onwards\trading_system_fixed\angel_master_instruments.csv
=
   Instrument CSV not found: c:\Users\SANU\Desktop\New folder (2)\12 Feb Onwards\trading_system_fixed\angel_master_instruments.csv
=
   Instrument CSV not found: c:\Users\SANU\Desktop\New folder (2)\12 Feb Onwards\trading_system_fixed\angel_master_instruments.csv
=
   Instrument CSV not found: c:\Users\SANU\Desktop\New folder (2)\12 Feb Onwards\trading_system_fixed\angel_master_instruments.csv
=
   Instrument CSV not found: c:\Users\SANU\Desktop\New folder (2)\12 Feb Onwards\trading_system_fixed\angel_master_instruments.csv
=
   Instrument CSV not found: c:\Users\SANU\Desktop\New folder (2)\12 Feb Onwards\trading_system_fixed\angel_master_instruments.csv
=
   Instrument CSV not found: c:\Users\SANU\Desktop\New folder (2)\12 Feb Onwards\trading_system_fixed\angel_master_instruments.csv
=
   Instrument CSV not found: c:\Users\SANU\Desktop\New folder (2)\12 Feb Onwards\trading_system_fixed\angel_master_instruments.csv
=
   Instrument CSV not found: c:\Users\SANU\Desktop\New folder (2)\12 Feb Onwards\trading_system_fixed\angel_master_instruments.csv
=
   Instrument CSV not found: c:\Users\SANU\Desktop\New folder (2)\12 Feb Onwards\trading_system_fixed\angel_master_instruments.csv
=
   Instrument CSV not found: c:\Users\SANU\Desktop\New folder (2)\12 Feb Onwards\trading_system_fixed\angel_master_instruments.csv
=
   Instrument CSV not found: c:\Users\SANU\Desktop\New folder (2)\12 Feb Onwards\trading_system_fixed\angel_master_instruments.csv
=
   Instrument CSV not found: c:\Users\SANU\Desktop\New folder (2)\12 Feb Onwards\trading_system_fixed\angel_master_instruments.csv
=
2026-02-15 18:27:44,538 [INFO] ================================================================================
2026-02-15 18:27:44,539 [INFO] SHUTDOWN SEQUENCE
2026-02-15 18:27:44,539 [INFO] ================================================================================
2026-02-15 18:27:44,540 [INFO] ================================================================================
2026-02-15 18:27:44,540 [INFO]  SHUTDOWN COMPLETE
2026-02-15 18:27:44,542 [INFO] ================================================================================
2026-02-15 18:28:10,901 [INFO]  SmartWebSocketV2 patched for signature safety
2026-02-15 18:28:10,926 [INFO] ================================================================================
2026-02-15 18:28:10,926 [INFO] NIFTY THETA STRATEGY v3.0 - PAPER MODE
2026-02-15 18:28:10,926 [INFO] ================================================================================
2026-02-15 18:28:11,062 [INFO]  Time drift: 2.560s
2026-02-15 18:28:11,062 [INFO]  Time sync OK
2026-02-15 18:28:11,062 [INFO] ================================================================================
2026-02-15 18:28:11,063 [INFO]  LOGGING IN TO ANGEL ONE
2026-02-15 18:28:11,063 [INFO] ================================================================================
2026-02-15 18:28:11,360 [INFO] Client Code: A300707
2026-02-15 18:28:11,361 [INFO] TOTP: 394391
2026-02-15 18:28:12,919 [INFO]  Login successful
2026-02-15 18:28:12,931 [INFO] Session: Bearer eyJhbGciOiJIU...
2026-02-15 18:28:12,932 [INFO] ================================================================================
2026-02-15 18:28:12,934 [INFO] CREATING DATA FEED: LIVE MODE
2026-02-15 18:28:12,936 [INFO] ================================================================================
2026-02-15 18:28:12,938 [INFO]  LIVE mode - initializing ENHANCED WebSocket
2026-02-15 18:28:12,945 [INFO]  Tick recorder: c:\Users\SANU\Desktop\New folder (2)\12 Feb Onwards\trading_system_fixed\tick_data
2026-02-15 18:28:12,947 [INFO]  Connecting WebSocket...
2026-02-15 18:28:13,127 [INFO] Websocket connected
2026-02-15 18:28:13,128 [INFO]  WebSocket connection opened
2026-02-15 18:28:13,132 [INFO]  WebSocket connected - LTP cache INVALIDATED
2026-02-15 18:28:13,135 [INFO]  Heartbeat watchdog started (timeout: 30.0s)
2026-02-15 18:28:13,137 [INFO]  LIVE data feed initialized
2026-02-15 18:28:13,138 [INFO] ================================================================================
2026-02-15 18:28:13,141 [INFO] CREATING BROKER: PAPER MODE
2026-02-15 18:28:13,142 [INFO] ================================================================================
2026-02-15 18:28:13,146 [INFO] TelegramNotifierTextOnly initialized (interval=60s)
2026-02-15 18:28:13,148 [INFO]  NOTIFIER PROTOCOL ASSERTION PASSED - all 9 methods verified
2026-02-15 18:28:17,025 [INFO] TelegramNotifierTextOnly started
2026-02-15 18:28:17,101 [INFO] ================================================================================
2026-02-15 18:28:17,145 [INFO]  NOTIFIER PROTOCOL VALIDATED
2026-02-15 18:28:17,145 [INFO] ================================================================================
2026-02-15 18:28:17,146 [INFO] All 9 required methods present
2026-02-15 18:28:17,146 [INFO] ================================================================================
2026-02-15 18:28:17,147 [INFO]  Telegram notifier started and validated
2026-02-15 18:28:17,151 [INFO]  PAPER TRADING MODE - Simulated orders only
2026-02-15 18:28:17,154 [INFO] ======================================================================
2026-02-15 18:28:17,155 [INFO]  EXECUTION GATEWAY INITIALIZED
2026-02-15 18:28:17,155 [INFO] ======================================================================
2026-02-15 18:28:17,156 [INFO] Rate Limit: 20 orders/minute
2026-02-15 18:28:17,156 [INFO] Max Daily Loss: 10000.0
2026-02-15 18:28:17,157 [INFO] Circuit Breaker: ENABLED
2026-02-15 18:28:17,157 [INFO] Kill Switch: OFF
2026-02-15 18:28:17,157 [INFO] No New Trades: NO
2026-02-15 18:28:17,158 [INFO] ======================================================================
2026-02-15 18:28:17,158 [INFO]  PaperBroker: ExecutionGateway integrated
2026-02-15 18:28:18,669 [INFO]  Loaded 187043 instruments
2026-02-15 18:28:18,669 [INFO]  Notifier logging handler attached
2026-02-15 18:28:19,814 [INFO]  Sent system status: Login=SUCCESS, WS=PENDING
2026-02-15 18:28:22,329 [INFO] ================================================================================
2026-02-15 18:28:22,868 [INFO] [OK] NOTIFIER CONTRACT ASSERTION PASSED
2026-02-15 18:28:23,501 [INFO] ================================================================================
2026-02-15 18:28:24,007 [INFO] All 9 required methods verified
2026-02-15 18:28:24,627 [INFO] ================================================================================
2026-02-15 18:28:25,110 [INFO] [START] Starting strategy...
2026-02-15 18:28:25,759 [INFO] [SAFETY] Checking broker for open positions on startup...
2026-02-15 18:28:26,243 [INFO] [SAFETY] No open positions at broker - starting fresh
2026-02-15 18:28:26,777 [INFO] Market hours detected - skipping standby mode
2026-02-15 18:28:27,260 [INFO] [PHASE] PHASE TRANSITION: INIT -> CLOSED
2026-02-15 18:28:27,260 [WARNING]  TRADING BLOCKED: No tokens subscribed yet.
2026-02-15 18:28:27,263 [WARNING]  SQUAREOFF
2026-02-15 18:28:27,265 [INFO]  18:28:27 | INIT | P&L: Rs0.00 | Pos: 0
2026-02-15 18:28:27,268 [INFO] [OK] Strategy engine started
2026-02-15 18:28:28,269 [INFO]  TRAILING STOP-LOSS ACTIVATED (14:15)
2026-02-15 18:28:28,796 [INFO]  Entry monitor paused - waiting for WebSocket/data recovery
2026-02-15 18:28:29,602 [INFO]  Sent phase change: None  CLOSED
2026-02-15 18:28:30,362 [INFO] ================================================================================
2026-02-15 18:28:32,915 [INFO]  STRATEGY RUNNING
2026-02-15 18:28:33,433 [INFO] ================================================================================
2026-02-15 18:28:33,899 [WARNING]  TRADING BLOCKED: No tokens subscribed yet.
2026-02-15 18:28:34,048 [INFO] Data Source: LIVE
2026-02-15 18:28:34,535 [INFO]  Entry monitor paused - waiting for WebSocket/data recovery
2026-02-15 18:28:34,850 [INFO]  18:28:34 | CLOSED | P&L: Rs0.00 | Pos: 0
2026-02-15 18:28:35,073 [INFO] Trading Mode: PAPER
2026-02-15 18:28:37,019 [INFO] Press Ctrl+C to stop
2026-02-15 18:28:37,530 [INFO] ================================================================================
2026-02-15 18:28:37,546 [WARNING]  TRADING BLOCKED: No tokens subscribed yet.
2026-02-15 18:28:38,554 [INFO]  Entry monitor paused - waiting for WebSocket/data recovery
2026-02-15 18:28:41,067 [WARNING]  TRADING BLOCKED: No tokens subscribed yet.
2026-02-15 18:28:41,478 [INFO]  18:28:41 | CLOSED | P&L: Rs0.00 | Pos: 0
2026-02-15 18:28:41,562 [INFO]  Entry monitor paused - waiting for WebSocket/data recovery
2026-02-15 18:28:43,136 [WARNING]  No ticks for 30.0s. Forcing reconnect.
2026-02-15 18:28:43,739 [WARNING] [PATCH] _on_close error (continuing): SmartWebSocketV2._on_close() missing 1 required positional argument: 'wsapp'
2026-02-15 18:28:44,652 [WARNING]  TRADING BLOCKED: No tokens subscribed yet.
2026-02-15 18:28:47,138 [INFO]  18:28:47 | CLOSED | P&L: Rs0.00 | Pos: 0
2026-02-15 18:28:47,258 [INFO]  Entry monitor paused - waiting for WebSocket/data recovery
2026-02-15 18:28:50,282 [WARNING]  TRADING BLOCKED: No tokens subscribed yet.
2026-02-15 18:28:50,842 [INFO]  Entry monitor paused - waiting for WebSocket/data recovery
2026-02-15 18:28:52,746 [INFO]  18:28:52 | CLOSED | P&L: Rs0.00 | Pos: 0
2026-02-15 18:28:53,354 [WARNING]  TRADING BLOCKED: No tokens subscribed yet.
2026-02-15 18:28:53,741 [WARNING]  No ticks for 40.6s. Forcing reconnect.
2026-02-15 18:28:53,834 [INFO]  Entry monitor paused - waiting for WebSocket/data recovery
2026-02-15 18:28:56,929 [WARNING]  TRADING BLOCKED: No tokens subscribed yet.
2026-02-15 18:28:57,495 [INFO]  Entry monitor paused - waiting for WebSocket/data recovery
2026-02-15 20:44:13,668 [INFO]  SmartWebSocketV2 patched for signature safety
2026-02-15 20:44:13,683 [INFO] ================================================================================
2026-02-15 20:44:13,683 [INFO] NIFTY THETA STRATEGY v3.0 - PAPER MODE
2026-02-15 20:44:13,683 [INFO] ================================================================================
2026-02-15 20:44:13,789 [INFO]  Time drift: 2.624s
2026-02-15 20:44:13,790 [INFO]  Time sync OK
2026-02-15 20:44:13,790 [INFO] ================================================================================
2026-02-15 20:44:13,791 [INFO]  LOGGING IN TO ANGEL ONE
2026-02-15 20:44:13,791 [INFO] ================================================================================
2026-02-15 20:44:14,281 [INFO] Client Code: A300707
2026-02-15 20:44:14,293 [INFO] TOTP: 953486
2026-02-15 20:44:15,917 [INFO]  Login successful
2026-02-15 20:44:15,917 [INFO] Session: Bearer eyJhbGciOiJIU...
2026-02-15 20:44:15,923 [INFO] ================================================================================
2026-02-15 20:44:15,925 [INFO] CREATING DATA FEED: LIVE MODE
2026-02-15 20:44:15,926 [INFO] ================================================================================
2026-02-15 20:44:15,928 [INFO]  LIVE mode - initializing ENHANCED WebSocket
2026-02-15 20:44:15,930 [INFO]  Tick recorder: c:\Users\SANU\Desktop\New folder (2)\12 Feb Onwards\trading_system_fixed\tick_data
2026-02-15 20:44:15,932 [INFO]  Connecting WebSocket...
2026-02-15 20:44:16,115 [INFO] Websocket connected
2026-02-15 20:44:16,121 [INFO]  WebSocket connection opened
2026-02-15 20:44:16,124 [INFO]  WebSocket connected - LTP cache INVALIDATED
2026-02-15 20:44:16,126 [INFO]  Heartbeat watchdog started (timeout: 30.0s)
2026-02-15 20:44:16,128 [INFO]  LIVE data feed initialized
2026-02-15 20:44:16,129 [INFO] ================================================================================
2026-02-15 20:44:16,132 [INFO] CREATING BROKER: PAPER MODE
2026-02-15 20:44:16,133 [INFO] ================================================================================
2026-02-15 20:44:16,136 [INFO] TelegramNotifierTextOnly initialized (interval=60s)
2026-02-15 20:44:16,138 [INFO]  NOTIFIER PROTOCOL ASSERTION PASSED - all 9 methods verified
2026-02-15 20:44:19,494 [INFO] TelegramNotifierTextOnly started
2026-02-15 20:44:19,495 [INFO] ================================================================================
2026-02-15 20:44:19,496 [INFO]  NOTIFIER PROTOCOL VALIDATED
2026-02-15 20:44:19,497 [INFO] ================================================================================
2026-02-15 20:44:19,499 [INFO] All 9 required methods present
2026-02-15 20:44:19,499 [INFO] ================================================================================
2026-02-15 20:44:19,500 [INFO]  Telegram notifier started and validated
2026-02-15 20:44:19,505 [INFO]  Same day - preserving state
2026-02-15 20:44:19,512 [INFO]  PAPER TRADING MODE - Simulated orders only
2026-02-15 20:44:19,516 [INFO] ======================================================================
2026-02-15 20:44:19,518 [INFO]  EXECUTION GATEWAY INITIALIZED
2026-02-15 20:44:19,519 [INFO] ======================================================================
2026-02-15 20:44:19,521 [INFO] Rate Limit: 20 orders/minute
2026-02-15 20:44:19,522 [INFO] Max Daily Loss: 10000.0
2026-02-15 20:44:19,523 [INFO] Circuit Breaker: ENABLED
2026-02-15 20:44:19,525 [INFO] Kill Switch: OFF
2026-02-15 20:44:19,526 [INFO] No New Trades: NO
2026-02-15 20:44:19,527 [INFO] ======================================================================
2026-02-15 20:44:19,529 [INFO]  PaperBroker: ExecutionGateway integrated
2026-02-15 20:44:20,827 [INFO]  Loaded 187043 instruments
2026-02-15 20:44:20,828 [INFO]  Notifier logging handler attached
2026-02-15 20:44:21,827 [INFO]  Sent system status: Login=SUCCESS, WS=PENDING
2026-02-15 20:44:24,341 [INFO] ================================================================================
2026-02-15 20:44:24,900 [INFO] [OK] NOTIFIER CONTRACT ASSERTION PASSED
2026-02-15 20:44:25,376 [INFO] ================================================================================
2026-02-15 20:44:25,876 [INFO] All 9 required methods verified
2026-02-15 20:44:26,949 [INFO] ================================================================================
2026-02-15 20:44:27,427 [INFO] [START] Starting strategy...
2026-02-15 20:44:27,969 [INFO] [SAFETY] Checking broker for open positions on startup...
2026-02-15 20:44:28,586 [INFO] [SAFETY] No open positions at broker - starting fresh
2026-02-15 20:44:29,097 [INFO] Market hours detected - skipping standby mode
2026-02-15 20:44:30,124 [WARNING]  TRADING BLOCKED: No tokens subscribed yet.
2026-02-15 20:44:30,130 [INFO]  20:44:30 | CLOSED | P&L: Rs0.00 | Pos: 0
2026-02-15 20:44:30,133 [INFO] [OK] Strategy engine started
2026-02-15 20:44:30,619 [INFO]  Entry monitor paused - waiting for WebSocket/data recovery
2026-02-15 20:44:31,134 [INFO]  TRAILING STOP-LOSS ACTIVATED (14:15)
2026-02-15 20:44:31,646 [INFO] ================================================================================
2026-02-15 20:44:33,153 [INFO]  STRATEGY RUNNING
2026-02-15 20:44:33,704 [INFO] ================================================================================
2026-02-15 20:44:34,172 [WARNING]  TRADING BLOCKED: No tokens subscribed yet.
2026-02-15 20:44:34,192 [INFO] Data Source: LIVE
2026-02-15 20:44:34,730 [INFO]  Entry monitor paused - waiting for WebSocket/data recovery
2026-02-15 20:44:35,193 [INFO] Trading Mode: PAPER
2026-02-15 20:44:36,089 [INFO]  20:44:36 | CLOSED | P&L: Rs0.00 | Pos: 0
2026-02-15 20:44:36,250 [INFO] Press Ctrl+C to stop
2026-02-15 20:44:37,359 [INFO] ================================================================================
2026-02-15 20:44:37,753 [WARNING]  TRADING BLOCKED: No tokens subscribed yet.
2026-02-15 20:44:38,417 [INFO]  Entry monitor paused - waiting for WebSocket/data recovery
2026-02-15 20:44:41,441 [WARNING]  TRADING BLOCKED: No tokens subscribed yet.
2026-02-15 20:44:41,881 [INFO]  20:44:41 | CLOSED | P&L: Rs0.00 | Pos: 0
2026-02-15 20:44:41,986 [INFO]  Entry monitor paused - waiting for WebSocket/data recovery
2026-02-15 20:44:45,127 [WARNING]  TRADING BLOCKED: No tokens subscribed yet.
2026-02-15 20:44:45,686 [INFO]  Entry monitor paused - waiting for WebSocket/data recovery
2026-02-15 20:44:46,131 [WARNING]  No ticks for 30.0s. Forcing reconnect.
2026-02-15 20:44:46,758 [WARNING] [PATCH] _on_close error (continuing): SmartWebSocketV2._on_close() missing 1 required positional argument: 'wsapp'
2026-02-15 20:44:47,512 [INFO]  20:44:47 | CLOSED | P&L: Rs0.00 | Pos: 0
2026-02-15 20:44:48,186 [WARNING]  TRADING BLOCKED: No tokens subscribed yet.
2026-02-15 20:44:48,722 [INFO]  Entry monitor paused - waiting for WebSocket/data recovery
2026-02-15 20:44:51,271 [WARNING]  TRADING BLOCKED: No tokens subscribed yet.
2026-02-15 20:44:51,832 [INFO]  Entry monitor paused - waiting for WebSocket/data recovery
2026-02-15 20:44:53,042 [INFO]  20:44:53 | CLOSED | P&L: Rs0.00 | Pos: 0
2026-02-15 20:44:54,315 [WARNING]  TRADING BLOCKED: No tokens subscribed yet.
2026-02-15 20:44:54,903 [INFO]  Entry monitor paused - waiting for WebSocket/data recovery
2026-02-15 20:44:56,759 [WARNING]  No ticks for 40.6s. Forcing reconnect.
2026-02-15 20:44:57,906 [WARNING]  TRADING BLOCKED: No tokens subscribed yet.
2026-02-15 20:44:58,571 [INFO]  20:44:58 | CLOSED | P&L: Rs0.00 | Pos: 0
2026-02-15 20:44:58,637 [INFO]  Entry monitor paused - waiting for WebSocket/data recovery
2026-02-15 20:45:01,716 [WARNING]  TRADING BLOCKED: No tokens subscribed yet.
2026-02-15 20:45:02,273 [INFO]  Entry monitor paused - waiting for WebSocket/data recovery
2026-02-15 20:45:04,203 [INFO]  20:45:04 | CLOSED | P&L: Rs0.00 | Pos: 0
2026-02-15 20:45:04,753 [WARNING]  TRADING BLOCKED: No tokens subscribed yet.
2026-02-15 20:45:05,751 [INFO]  Entry monitor paused - waiting for WebSocket/data recovery
2026-02-15 20:45:07,243 [WARNING]  No ticks for 51.1s. Forcing reconnect.
2026-02-15 20:45:08,371 [WARNING]  TRADING BLOCKED: No tokens subscribed yet.
2026-02-15 20:45:09,034 [INFO]  Entry monitor paused - waiting for WebSocket/data recovery
2026-02-15 20:45:09,733 [INFO]  20:45:09 | CLOSED | P&L: Rs0.00 | Pos: 0
2026-02-15 20:45:11,530 [WARNING]  TRADING BLOCKED: No tokens subscribed yet.
2026-02-15 20:45:12,010 [INFO]  Entry monitor paused - waiting for WebSocket/data recovery
2026-02-15 20:57:39,097 [INFO]  SmartWebSocketV2 patched for signature safety
2026-02-15 20:57:39,123 [INFO] ================================================================================
2026-02-15 20:57:39,124 [INFO] NIFTY THETA STRATEGY v3.0 - PAPER MODE
2026-02-15 20:57:39,124 [INFO] ================================================================================
2026-02-15 20:57:39,227 [INFO]  Time drift: 2.633s
2026-02-15 20:57:39,227 [INFO]  Time sync OK
2026-02-15 20:57:39,227 [INFO] ================================================================================
2026-02-15 20:57:39,227 [INFO]  LOGGING IN TO ANGEL ONE
2026-02-15 20:57:39,228 [INFO] ================================================================================
2026-02-15 20:57:39,568 [INFO] Client Code: A300707
2026-02-15 20:57:39,569 [INFO] TOTP: 987456
2026-02-15 20:57:40,903 [INFO] ================================================================================
2026-02-15 20:57:40,903 [INFO]  SHUTDOWN INITIATED (Ctrl+C)
2026-02-15 20:57:40,904 [INFO] ================================================================================
2026-02-15 20:57:40,910 [INFO] ================================================================================
2026-02-15 20:57:40,910 [INFO] SHUTDOWN SEQUENCE
2026-02-15 20:57:40,911 [INFO] ================================================================================
2026-02-15 20:57:40,911 [INFO] ================================================================================
2026-02-15 20:57:40,912 [INFO]  SHUTDOWN COMPLETE
2026-02-15 20:57:40,913 [INFO] ================================================================================
2026-02-15 20:57:42,317 [INFO]  SmartWebSocketV2 patched for signature safety
2026-02-15 20:57:42,347 [INFO] ================================================================================
2026-02-15 20:57:42,347 [INFO] NIFTY THETA STRATEGY v3.0 - PAPER MODE
2026-02-15 20:57:42,365 [INFO] ================================================================================
2026-02-15 20:57:42,471 [INFO]  Time drift: 2.636s
2026-02-15 20:57:42,471 [INFO]  Time sync OK
2026-02-15 20:57:42,472 [INFO] ================================================================================
2026-02-15 20:57:42,472 [INFO]  LOGGING IN TO ANGEL ONE
2026-02-15 20:57:42,473 [INFO] ================================================================================
2026-02-15 20:57:42,818 [INFO] Client Code: A300707
2026-02-15 20:57:42,818 [INFO] TOTP: 987456
2026-02-15 20:57:44,131 [INFO]  Login successful
2026-02-15 20:57:44,131 [INFO] Session: Bearer eyJhbGciOiJIU...
2026-02-15 20:57:44,131 [INFO] ================================================================================
2026-02-15 20:57:44,131 [INFO] CREATING DATA FEED: LIVE MODE
2026-02-15 20:57:44,131 [INFO] ================================================================================
2026-02-15 20:57:44,131 [INFO]  LIVE mode - initializing ENHANCED WebSocket
2026-02-15 20:57:44,131 [INFO]  Tick recorder: c:\Users\SANU\Desktop\New folder (2)\12 Feb Onwards\trading_system_fixed\tick_data
2026-02-15 20:57:44,131 [INFO]  Connecting WebSocket...
2026-02-15 20:57:44,326 [INFO] Websocket connected
2026-02-15 20:57:44,326 [INFO]  WebSocket connection opened
2026-02-15 20:57:44,326 [INFO]  WebSocket connected - LTP cache INVALIDATED
2026-02-15 20:57:44,326 [INFO]  Heartbeat watchdog started (timeout: 30.0s)
2026-02-15 20:57:44,326 [INFO]  LIVE data feed initialized
2026-02-15 20:57:44,342 [INFO] ================================================================================
2026-02-15 20:57:44,343 [INFO] CREATING BROKER: PAPER MODE
2026-02-15 20:57:44,345 [INFO] ================================================================================
2026-02-15 20:57:44,348 [INFO] TelegramNotifierTextOnly initialized (interval=60s)
2026-02-15 20:57:44,349 [INFO]  NOTIFIER PROTOCOL ASSERTION PASSED - all 9 methods verified
2026-02-15 20:57:47,317 [INFO] TelegramNotifierTextOnly started
2026-02-15 20:57:47,317 [INFO] ================================================================================
2026-02-15 20:57:47,317 [INFO]  NOTIFIER PROTOCOL VALIDATED
2026-02-15 20:57:47,317 [INFO] ================================================================================
2026-02-15 20:57:47,317 [INFO] All 9 required methods present
2026-02-15 20:57:47,332 [INFO] ================================================================================
2026-02-15 20:57:47,332 [INFO]  Telegram notifier started and validated
2026-02-15 20:57:47,332 [INFO]  Same day - preserving state
2026-02-15 20:57:47,345 [INFO]  PAPER TRADING MODE - Simulated orders only
2026-02-15 20:57:47,348 [INFO] ======================================================================
2026-02-15 20:57:47,349 [INFO]  EXECUTION GATEWAY INITIALIZED
2026-02-15 20:57:47,351 [INFO] ======================================================================
2026-02-15 20:57:47,352 [INFO] Rate Limit: 20 orders/minute
2026-02-15 20:57:47,353 [INFO] Max Daily Loss: 10000.0
2026-02-15 20:57:47,354 [INFO] Circuit Breaker: ENABLED
2026-02-15 20:57:47,355 [INFO] Kill Switch: OFF
2026-02-15 20:57:47,357 [INFO] No New Trades: NO
2026-02-15 20:57:47,358 [INFO] ======================================================================
2026-02-15 20:57:47,359 [INFO]  PaperBroker: ExecutionGateway integrated
2026-02-15 20:57:48,406 [INFO]  Loaded 187043 instruments
2026-02-15 20:57:48,406 [INFO]  Notifier logging handler attached
2026-02-15 20:57:49,375 [INFO]  Sent system status: Login=SUCCESS, WS=PENDING
2026-02-15 20:57:51,877 [INFO] ================================================================================
2026-02-15 20:57:52,346 [INFO] [OK] NOTIFIER CONTRACT ASSERTION PASSED
2026-02-15 20:57:52,833 [INFO] ================================================================================
2026-02-15 20:57:53,318 [INFO] All 9 required methods verified
2026-02-15 20:57:53,802 [INFO] ================================================================================
2026-02-15 20:57:54,286 [INFO] [START] Starting strategy...
2026-02-15 20:57:54,754 [INFO] [SAFETY] Checking broker for open positions on startup...
2026-02-15 20:57:55,255 [INFO] [SAFETY] No open positions at broker - starting fresh
2026-02-15 20:57:55,771 [INFO] Market hours detected - skipping standby mode
2026-02-15 20:57:56,255 [WARNING]  TRADING BLOCKED: No tokens subscribed yet.
2026-02-15 20:57:56,255 [INFO]  20:57:56 | CLOSED | P&L: Rs0.00 | Pos: 0
2026-02-15 20:57:56,255 [INFO] [OK] Strategy engine started
2026-02-15 20:57:56,739 [INFO]  Entry monitor paused - waiting for WebSocket/data recovery
2026-02-15 20:57:57,269 [INFO]  TRAILING STOP-LOSS ACTIVATED (14:15)
2026-02-15 20:57:57,697 [INFO] ================================================================================
2026-02-15 20:57:59,146 [INFO]  STRATEGY RUNNING
2026-02-15 20:57:59,684 [INFO] ================================================================================
2026-02-15 20:58:00,193 [WARNING]  TRADING BLOCKED: No tokens subscribed yet.
2026-02-15 20:58:00,193 [INFO] Data Source: LIVE
2026-02-15 20:58:00,675 [INFO]  Entry monitor paused - waiting for WebSocket/data recovery
2026-02-15 20:58:01,146 [INFO] Trading Mode: PAPER
2026-02-15 20:58:02,189 [INFO] Press Ctrl+C to stop
2026-02-15 20:58:02,223 [INFO]  20:58:02 | CLOSED | P&L: Rs0.00 | Pos: 0
2026-02-15 20:58:02,694 [INFO] ================================================================================
2026-02-15 20:58:03,670 [WARNING]  TRADING BLOCKED: No tokens subscribed yet.
2026-02-15 20:58:04,179 [INFO]  Entry monitor paused - waiting for WebSocket/data recovery
2026-02-15 20:58:06,698 [WARNING]  TRADING BLOCKED: No tokens subscribed yet.
2026-02-15 20:58:07,166 [INFO]  Entry monitor paused - waiting for WebSocket/data recovery
2026-02-15 20:58:08,178 [INFO]  20:58:08 | CLOSED | P&L: Rs0.00 | Pos: 0
2026-02-15 20:58:09,657 [WARNING]  TRADING BLOCKED: No tokens subscribed yet.
2026-02-15 20:58:10,133 [INFO]  Entry monitor paused - waiting for WebSocket/data recovery
2026-02-15 20:58:12,628 [WARNING]  TRADING BLOCKED: No tokens subscribed yet.
2026-02-15 20:58:13,099 [INFO]  Entry monitor paused - waiting for WebSocket/data recovery
2026-02-15 20:58:13,647 [INFO]  20:58:13 | CLOSED | P&L: Rs0.00 | Pos: 0
2026-02-15 20:58:14,340 [WARNING]  No ticks for 30.0s. Forcing reconnect.
2026-02-15 20:58:14,887 [WARNING] [PATCH] _on_close error (continuing): SmartWebSocketV2._on_close() missing 1 required positional argument: 'wsapp'
2026-02-15 20:58:15,596 [WARNING]  TRADING BLOCKED: No tokens subscribed yet.
2026-02-15 20:58:16,060 [INFO]  Entry monitor paused - waiting for WebSocket/data recovery
2026-02-15 20:58:18,542 [WARNING]  TRADING BLOCKED: No tokens subscribed yet.
2026-02-15 20:58:19,023 [INFO]  Entry monitor paused - waiting for WebSocket/data recovery
2026-02-15 20:58:19,147 [INFO]  20:58:19 | CLOSED | P&L: Rs0.00 | Pos: 0
2026-02-15 20:58:21,503 [WARNING]  TRADING BLOCKED: No tokens subscribed yet.
2026-02-15 20:58:21,973 [INFO]  Entry monitor paused - waiting for WebSocket/data recovery
2026-02-15 20:58:24,499 [WARNING]  TRADING BLOCKED: No tokens subscribed yet.
2026-02-15 20:58:24,888 [WARNING]  No ticks for 40.6s. Forcing reconnect.
2026-02-15 20:58:24,970 [INFO]  Entry monitor paused - waiting for WebSocket/data recovery
2026-02-15 20:58:25,001 [INFO]  20:58:25 | CLOSED | P&L: Rs0.00 | Pos: 0
2026-02-15 20:58:27,957 [WARNING]  TRADING BLOCKED: No tokens subscribed yet.
2026-02-15 20:58:28,423 [INFO]  Entry monitor paused - waiting for WebSocket/data recovery
2026-02-15 20:58:30,901 [WARNING]  TRADING BLOCKED: No tokens subscribed yet.
2026-02-15 21:11:03,413 [INFO]  SmartWebSocketV2 patched for signature safety
2026-02-15 21:11:03,437 [INFO] ================================================================================
2026-02-15 21:11:03,440 [INFO] NIFTY THETA STRATEGY v3.0 - PAPER MODE
2026-02-15 21:11:03,440 [INFO] ================================================================================
2026-02-15 21:11:03,531 [INFO]  Time drift: 2.649s
2026-02-15 21:11:03,531 [INFO]  Time sync OK
2026-02-15 21:11:03,531 [INFO] ================================================================================
2026-02-15 21:11:03,531 [INFO]  LOGGING IN TO ANGEL ONE
2026-02-15 21:11:03,531 [INFO] ================================================================================
2026-02-15 21:11:03,833 [INFO] Client Code: A300707
2026-02-15 21:11:03,833 [INFO] TOTP: 216930
2026-02-15 21:11:05,465 [INFO]  Login successful
2026-02-15 21:11:05,466 [INFO] Session: Bearer eyJhbGciOiJIU...
2026-02-15 21:11:05,467 [INFO] ================================================================================
2026-02-15 21:11:05,468 [INFO] CREATING DATA FEED: LIVE MODE
2026-02-15 21:11:05,469 [INFO] ================================================================================
2026-02-15 21:11:05,471 [INFO]  LIVE mode - initializing ENHANCED WebSocket
2026-02-15 21:11:05,473 [INFO]  Tick recorder: c:\Users\SANU\Desktop\New folder (2)\12 Feb Onwards\trading_system_fixed\tick_data
2026-02-15 21:11:05,475 [INFO]  Connecting WebSocket...
2026-02-15 21:11:05,662 [INFO] Websocket connected
2026-02-15 21:11:05,662 [INFO]  WebSocket connection opened
2026-02-15 21:11:05,678 [INFO]  WebSocket connected - LTP cache INVALIDATED
2026-02-15 21:11:05,682 [INFO]  Heartbeat watchdog started (timeout: 30.0s)
2026-02-15 21:11:05,683 [INFO]  LIVE data feed initialized
2026-02-15 21:11:05,684 [INFO] ================================================================================
2026-02-15 21:11:05,685 [INFO] CREATING BROKER: PAPER MODE
2026-02-15 21:11:05,686 [INFO] ================================================================================
2026-02-15 21:11:05,687 [INFO] TelegramNotifierTextOnly initialized (interval=60s)
2026-02-15 21:11:05,688 [INFO]  NOTIFIER PROTOCOL ASSERTION PASSED - all 9 methods verified
2026-02-15 21:11:08,568 [INFO] 📊 Snapshot loop started (fixed 30-second intervals during IN_TRADE)
2026-02-15 21:11:08,569 [INFO] TelegramNotifierTextOnly started
2026-02-15 21:11:08,570 [INFO] ================================================================================
2026-02-15 21:11:08,571 [INFO]  NOTIFIER PROTOCOL VALIDATED
2026-02-15 21:11:08,572 [INFO] ================================================================================
2026-02-15 21:11:08,573 [INFO] All 9 required methods present
2026-02-15 21:11:08,574 [INFO] ================================================================================
2026-02-15 21:11:08,576 [INFO]  Telegram notifier started and validated
2026-02-15 21:11:08,578 [INFO]  Same day - preserving state
2026-02-15 21:11:08,587 [INFO]  PAPER TRADING MODE - Simulated orders only
2026-02-15 21:11:08,589 [INFO] ======================================================================
2026-02-15 21:11:08,590 [INFO]  EXECUTION GATEWAY INITIALIZED
2026-02-15 21:11:08,591 [INFO] ======================================================================
2026-02-15 21:11:08,593 [INFO] Rate Limit: 20 orders/minute
2026-02-15 21:11:08,594 [INFO] Max Daily Loss: 10000.0
2026-02-15 21:11:08,595 [INFO] Circuit Breaker: ENABLED
2026-02-15 21:11:08,596 [INFO] Kill Switch: OFF
2026-02-15 21:11:08,598 [INFO] No New Trades: NO
2026-02-15 21:11:08,599 [INFO] ======================================================================
2026-02-15 21:11:08,601 [INFO]  PaperBroker: ExecutionGateway integrated
2026-02-15 21:11:09,763 [INFO]  Loaded 187043 instruments
2026-02-15 21:11:09,763 [INFO]  Notifier logging handler attached
2026-02-15 21:11:10,681 [INFO] 🔄 System status: Login=SUCCESS, WS=PENDING
2026-02-15 21:11:13,149 [INFO] ================================================================================
2026-02-15 21:11:13,614 [INFO] [OK] NOTIFIER CONTRACT ASSERTION PASSED
2026-02-15 21:11:14,068 [INFO] ================================================================================
2026-02-15 21:11:14,505 [INFO] All 9 required methods verified
2026-02-15 21:11:14,957 [INFO] ================================================================================
2026-02-15 21:11:15,435 [INFO] [START] Starting strategy...
2026-02-15 21:11:15,896 [INFO] [SAFETY] Checking broker for open positions on startup...
2026-02-15 21:11:16,361 [INFO] [SAFETY] No open positions at broker - starting fresh
2026-02-15 21:11:16,818 [INFO] Market hours detected - skipping standby mode
2026-02-15 21:11:17,255 [WARNING]  TRADING BLOCKED: No tokens subscribed yet.
2026-02-15 21:11:17,270 [INFO]  21:11:17 | CLOSED | P&L: Rs0.00 | Pos: 0
2026-02-15 21:11:17,270 [INFO] [OK] Strategy engine started
2026-02-15 21:11:17,753 [INFO]  Entry monitor paused - waiting for WebSocket/data recovery
2026-02-15 21:11:18,278 [INFO]  TRAILING STOP-LOSS ACTIVATED (14:15)
2026-02-15 21:11:18,643 [INFO] ================================================================================
2026-02-15 21:11:19,999 [INFO]  STRATEGY RUNNING
2026-02-15 21:11:20,451 [INFO] ================================================================================
2026-02-15 21:11:20,898 [INFO] Data Source: LIVE
2026-02-15 21:11:21,104 [WARNING]  TRADING BLOCKED: No tokens subscribed yet.
2026-02-15 21:11:21,346 [INFO] Trading Mode: PAPER
2026-02-15 21:11:21,801 [INFO]  Entry monitor paused - waiting for WebSocket/data recovery
2026-02-15 21:11:22,294 [INFO] Press Ctrl+C to stop
2026-02-15 21:11:23,189 [INFO]  21:11:23 | CLOSED | P&L: Rs0.00 | Pos: 0
2026-02-15 21:11:23,233 [INFO] ================================================================================
2026-02-15 21:11:24,754 [WARNING]  TRADING BLOCKED: No tokens subscribed yet.
2026-02-15 21:11:25,208 [INFO]  Entry monitor paused - waiting for WebSocket/data recovery
2026-02-15 21:11:27,883 [WARNING]  TRADING BLOCKED: No tokens subscribed yet.
2026-02-15 21:11:28,329 [INFO]  Entry monitor paused - waiting for WebSocket/data recovery
2026-02-15 21:11:28,723 [INFO]  21:11:28 | CLOSED | P&L: Rs0.00 | Pos: 0
2026-02-15 21:11:30,788 [WARNING]  TRADING BLOCKED: No tokens subscribed yet.
2026-02-15 21:11:31,230 [INFO]  Entry monitor paused - waiting for WebSocket/data recovery
2026-02-15 21:11:33,716 [WARNING]  TRADING BLOCKED: No tokens subscribed yet.
2026-02-15 21:11:34,177 [INFO]  Entry monitor paused - waiting for WebSocket/data recovery
2026-02-15 21:11:34,252 [INFO]  21:11:34 | CLOSED | P&L: Rs0.00 | Pos: 0
2026-02-15 21:11:35,684 [WARNING]  No ticks for 30.0s. Forcing reconnect.
2026-02-15 21:11:36,166 [WARNING] [PATCH] _on_close error (continuing): SmartWebSocketV2._on_close() missing 1 required positional argument: 'wsapp'
2026-02-15 21:11:36,644 [WARNING]  TRADING BLOCKED: No tokens subscribed yet.
2026-02-15 21:11:37,093 [INFO]  Entry monitor paused - waiting for WebSocket/data recovery
2026-02-15 21:11:39,545 [WARNING]  TRADING BLOCKED: No tokens subscribed yet.
2026-02-15 21:11:40,002 [INFO]  Entry monitor paused - waiting for WebSocket/data recovery
2026-02-15 21:11:40,108 [INFO]  21:11:40 | CLOSED | P&L: Rs0.00 | Pos: 0
2026-02-15 21:11:42,477 [WARNING]  TRADING BLOCKED: No tokens subscribed yet.
2026-02-15 21:11:42,936 [INFO]  Entry monitor paused - waiting for WebSocket/data recovery
2026-02-15 21:11:45,406 [WARNING]  TRADING BLOCKED: No tokens subscribed yet.
2026-02-15 21:11:45,848 [INFO]  Entry monitor paused - waiting for WebSocket/data recovery
2026-02-15 21:11:45,938 [INFO]  21:11:45 | CLOSED | P&L: Rs0.00 | Pos: 0
2026-02-15 21:11:46,177 [WARNING]  No ticks for 40.5s. Forcing reconnect.
2026-02-15 21:11:48,304 [WARNING]  TRADING BLOCKED: No tokens subscribed yet.
2026-02-15 21:11:48,754 [INFO]  Entry monitor paused - waiting for WebSocket/data recovery
2026-02-15 21:11:51,235 [WARNING]  TRADING BLOCKED: No tokens subscribed yet.
2026-02-15 21:11:51,677 [INFO]  Entry monitor paused - waiting for WebSocket/data recovery
2026-02-15 21:11:51,762 [INFO]  21:11:51 | CLOSED | P&L: Rs0.00 | Pos: 0
2026-02-15 21:11:54,143 [WARNING]  TRADING BLOCKED: No tokens subscribed yet.
2026-02-15 21:11:54,592 [INFO]  Entry monitor paused - waiting for WebSocket/data recovery
2026-02-15 21:11:57,055 [WARNING]  TRADING BLOCKED: No tokens subscribed yet.
2026-02-15 21:11:57,214 [WARNING]  No ticks for 51.6s. Forcing reconnect.
2026-02-15 21:11:57,509 [INFO]  Entry monitor paused - waiting for WebSocket/data recovery
2026-02-15 21:11:57,599 [INFO]  21:11:57 | CLOSED | P&L: Rs0.00 | Pos: 0
2026-02-15 21:12:00,409 [WARNING]  TRADING BLOCKED: No tokens subscribed yet.
2026-02-15 21:12:00,852 [INFO]  Entry monitor paused - waiting for WebSocket/data recovery
2026-02-15 21:12:03,456 [WARNING]  TRADING BLOCKED: No tokens subscribed yet.
2026-02-15 21:12:03,853 [INFO]  21:12:03 | CLOSED | P&L: Rs0.00 | Pos: 0
2026-02-15 21:12:03,894 [INFO]  Entry monitor paused - waiting for WebSocket/data recovery
2026-02-15 21:12:06,813 [WARNING]  TRADING BLOCKED: No tokens subscribed yet.
2026-02-15 21:12:07,262 [INFO]  Entry monitor paused - waiting for WebSocket/data recovery
2026-02-15 21:12:07,965 [WARNING]  No ticks for 62.3s. Forcing reconnect.
2026-02-15 21:12:09,358 [INFO]  21:12:09 | CLOSED | P&L: Rs0.00 | Pos: 0
2026-02-15 21:12:09,729 [WARNING]  TRADING BLOCKED: No tokens subscribed yet.
2026-02-15 21:12:10,284 [INFO]  Entry monitor paused - waiting for WebSocket/data recovery
2026-02-15 21:12:12,733 [WARNING]  TRADING BLOCKED: No tokens subscribed yet.
2026-02-15 21:12:13,184 [INFO]  Entry monitor paused - waiting for WebSocket/data recovery
2026-02-15 21:12:14,822 [INFO]  21:12:14 | CLOSED | P&L: Rs0.00 | Pos: 0
2026-02-15 21:12:15,668 [WARNING]  TRADING BLOCKED: No tokens subscribed yet.
2026-02-15 21:12:16,114 [INFO]  Entry monitor paused - waiting for WebSocket/data recovery
2026-02-15 21:12:18,412 [WARNING]  No ticks for 72.7s. Forcing reconnect.
2026-02-15 21:12:18,564 [WARNING]  TRADING BLOCKED: No tokens subscribed yet.
2026-02-15 21:12:19,321 [INFO]  Entry monitor paused - waiting for WebSocket/data recovery
2026-02-15 21:12:20,299 [INFO]  21:12:20 | CLOSED | P&L: Rs0.00 | Pos: 0
2026-02-15 21:12:21,772 [WARNING]  TRADING BLOCKED: No tokens subscribed yet.
2026-02-15 21:12:22,236 [INFO]  Entry monitor paused - waiting for WebSocket/data recovery
2026-02-15 21:12:24,698 [WARNING]  TRADING BLOCKED: No tokens subscribed yet.
2026-02-15 21:12:25,148 [INFO]  Entry monitor paused - waiting for WebSocket/data recovery
2026-02-15 21:12:25,748 [INFO]  21:12:25 | CLOSED | P&L: Rs0.00 | Pos: 0
2026-02-15 21:12:27,614 [WARNING]  TRADING BLOCKED: No tokens subscribed yet.
2026-02-15 21:12:28,063 [INFO]  Entry monitor paused - waiting for WebSocket/data recovery
2026-02-15 21:12:28,877 [WARNING]  No ticks for 83.2s. Forcing reconnect.
2026-02-15 21:12:30,516 [WARNING]  TRADING BLOCKED: No tokens subscribed yet.
2026-02-15 21:12:30,957 [INFO]  Entry monitor paused - waiting for WebSocket/data recovery
2026-02-15 21:12:31,238 [INFO]  21:12:31 | CLOSED | P&L: Rs0.00 | Pos: 0
2026-02-15 21:12:33,401 [WARNING]  TRADING BLOCKED: No tokens subscribed yet.
2026-02-15 21:12:33,850 [INFO]  Entry monitor paused - waiting for WebSocket/data recovery
2026-02-15 21:12:36,297 [WARNING]  TRADING BLOCKED: No tokens subscribed yet.
2026-02-15 21:12:36,781 [INFO]  Entry monitor paused - waiting for WebSocket/data recovery
2026-02-15 21:12:36,846 [INFO]  21:12:36 | CLOSED | P&L: Rs0.00 | Pos: 0
2026-02-15 21:12:39,316 [WARNING]  TRADING BLOCKED: No tokens subscribed yet.
2026-02-15 21:12:39,325 [WARNING]  No ticks for 93.7s. Forcing reconnect.
2026-02-15 21:12:39,817 [INFO]  Entry monitor paused - waiting for WebSocket/data recovery
2026-02-15 21:12:42,762 [INFO]  21:12:42 | CLOSED | P&L: Rs0.00 | Pos: 0
2026-02-15 21:12:43,853 [WARNING]  TRADING BLOCKED: No tokens subscribed yet.
2026-02-15 21:12:44,333 [INFO]  Entry monitor paused - waiting for WebSocket/data recovery
2026-02-15 21:12:46,809 [WARNING]  TRADING BLOCKED: No tokens subscribed yet.
2026-02-15 21:12:47,350 [INFO]  Entry monitor paused - waiting for WebSocket/data recovery
2026-02-15 21:12:48,227 [INFO]  21:12:48 | CLOSED | P&L: Rs0.00 | Pos: 0
2026-02-15 21:12:49,959 [WARNING]  TRADING BLOCKED: No tokens subscribed yet.
2026-02-15 21:12:50,298 [WARNING]  No ticks for 104.6s. Forcing reconnect.
2026-02-15 21:12:50,402 [INFO]  Entry monitor paused - waiting for WebSocket/data recovery
2026-02-15 21:12:53,328 [WARNING]  TRADING BLOCKED: No tokens subscribed yet.
2026-02-15 21:12:53,685 [INFO]  21:12:53 | CLOSED | P&L: Rs0.00 | Pos: 0
2026-02-15 21:12:53,787 [INFO]  Entry monitor paused - waiting for WebSocket/data recovery
2026-02-15 21:12:56,697 [WARNING]  TRADING BLOCKED: No tokens subscribed yet.
2026-02-15 21:12:57,147 [INFO]  Entry monitor paused - waiting for WebSocket/data recovery
2026-02-15 21:12:59,243 [INFO]  21:12:59 | CLOSED | P&L: Rs0.00 | Pos: 0
2026-02-15 21:28:58,682 [INFO]  SmartWebSocketV2 patched for signature safety
2026-02-15 21:28:58,696 [INFO] ================================================================================
2026-02-15 21:28:58,696 [INFO] NIFTY THETA STRATEGY v3.0 - PAPER MODE
2026-02-15 21:28:58,696 [INFO] ================================================================================
2026-02-15 21:28:58,798 [INFO]  Time drift: 2.651s
2026-02-15 21:28:58,799 [INFO]  Time sync OK
2026-02-15 21:28:58,799 [INFO] ================================================================================
2026-02-15 21:28:58,800 [INFO]  LOGGING IN TO ANGEL ONE
2026-02-15 21:28:58,801 [INFO] ================================================================================
2026-02-15 21:28:59,091 [INFO] Client Code: A300707
2026-02-15 21:28:59,091 [INFO] TOTP: 864317
2026-02-15 21:29:00,520 [INFO]  Login successful
2026-02-15 21:29:00,520 [INFO] Session: Bearer eyJhbGciOiJIU...
2026-02-15 21:29:00,520 [INFO] ================================================================================
2026-02-15 21:29:00,520 [INFO] CREATING DATA FEED: LIVE MODE
2026-02-15 21:29:00,520 [INFO] ================================================================================
2026-02-15 21:29:00,520 [INFO]  LIVE mode - initializing ENHANCED WebSocket
2026-02-15 21:29:00,537 [INFO]  Tick recorder: c:\Users\SANU\Desktop\New folder (2)\12 Feb Onwards\trading_system_fixed\tick_data
2026-02-15 21:29:00,537 [INFO]  Connecting WebSocket...
2026-02-15 21:29:00,689 [INFO] Websocket connected
2026-02-15 21:29:00,704 [INFO]  WebSocket connection opened
2026-02-15 21:29:00,704 [INFO]  WebSocket connected - LTP cache INVALIDATED
2026-02-15 21:29:00,704 [INFO]  Heartbeat watchdog started (timeout: 30.0s)
2026-02-15 21:29:00,704 [INFO]  LIVE data feed initialized
2026-02-15 21:29:00,704 [INFO] ================================================================================
2026-02-15 21:29:00,711 [INFO] CREATING BROKER: PAPER MODE
2026-02-15 21:29:00,712 [INFO] ================================================================================
2026-02-15 21:29:00,714 [INFO] TelegramNotifierTextOnly initialized (interval=30s)
2026-02-15 21:29:00,715 [INFO]  NOTIFIER PROTOCOL ASSERTION PASSED - all 9 methods verified
2026-02-15 21:29:03,818 [INFO] 📊 Snapshot loop started (fixed 30-second intervals during IN_TRADE)
2026-02-15 21:29:03,819 [INFO] TelegramNotifierTextOnly started
2026-02-15 21:29:03,823 [INFO] ================================================================================
2026-02-15 21:29:03,825 [INFO]  NOTIFIER PROTOCOL VALIDATED
2026-02-15 21:29:03,829 [INFO] ================================================================================
2026-02-15 21:29:03,831 [INFO] All 9 required methods present
2026-02-15 21:29:03,832 [INFO] ================================================================================
2026-02-15 21:29:03,833 [INFO]  Telegram notifier started and validated
2026-02-15 21:29:03,837 [INFO]  Same day - preserving state
2026-02-15 21:29:03,842 [INFO]  PAPER TRADING MODE - Simulated orders only
2026-02-15 21:29:03,843 [INFO] ======================================================================
2026-02-15 21:29:03,844 [INFO]  EXECUTION GATEWAY INITIALIZED
2026-02-15 21:29:03,845 [INFO] ======================================================================
2026-02-15 21:29:03,846 [INFO] Rate Limit: 20 orders/minute
2026-02-15 21:29:03,846 [INFO] Max Daily Loss: 10000.0
2026-02-15 21:29:03,847 [INFO] Circuit Breaker: ENABLED
2026-02-15 21:29:03,848 [INFO] Kill Switch: OFF
2026-02-15 21:29:03,848 [INFO] No New Trades: NO
2026-02-15 21:29:03,849 [INFO] ======================================================================
2026-02-15 21:29:03,850 [INFO]  PaperBroker: ExecutionGateway integrated
2026-02-15 21:29:04,903 [INFO]  Loaded 187043 instruments
2026-02-15 21:29:04,904 [INFO]  Notifier logging handler attached
2026-02-15 21:29:05,911 [INFO] 🔄 System status: Login=SUCCESS, WS=PENDING
2026-02-15 21:29:08,496 [INFO] ================================================================================
2026-02-15 21:29:09,290 [INFO] [OK] NOTIFIER CONTRACT ASSERTION PASSED
2026-02-15 21:29:09,786 [INFO] ================================================================================
2026-02-15 21:29:10,287 [INFO] All 9 required methods verified
2026-02-15 21:29:10,802 [INFO] ================================================================================
2026-02-15 21:29:11,305 [INFO] [START] Starting strategy...
2026-02-15 21:29:11,820 [INFO] [SAFETY] Checking broker for open positions on startup...
2026-02-15 21:29:12,366 [INFO] [SAFETY] No open positions at broker - starting fresh
2026-02-15 21:29:12,868 [INFO] Market hours detected - skipping standby mode
2026-02-15 21:29:13,381 [WARNING]  TRADING BLOCKED: No tokens subscribed yet.
2026-02-15 21:29:13,384 [INFO]  21:29:13 | CLOSED | P&L: Rs0.00 | Pos: 0
2026-02-15 21:29:13,391 [INFO] [OK] Strategy engine started
2026-02-15 21:29:13,884 [INFO]  Entry monitor paused - waiting for WebSocket/data recovery
2026-02-15 21:29:14,391 [INFO]  TRAILING STOP-LOSS ACTIVATED (14:15)
2026-02-15 21:29:14,846 [INFO] ================================================================================
2026-02-15 21:29:16,318 [INFO]  STRATEGY RUNNING
2026-02-15 21:29:16,809 [INFO] ================================================================================
2026-02-15 21:29:17,304 [INFO] Data Source: LIVE
2026-02-15 21:29:17,340 [WARNING]  TRADING BLOCKED: No tokens subscribed yet.
2026-02-15 21:29:17,796 [INFO] Trading Mode: PAPER
2026-02-15 21:29:18,286 [INFO]  Entry monitor paused - waiting for WebSocket/data recovery
2026-02-15 21:29:18,789 [INFO] Press Ctrl+C to stop
2026-02-15 21:29:19,372 [INFO]  21:29:19 | CLOSED | P&L: Rs0.00 | Pos: 0
2026-02-15 21:29:19,803 [INFO] ================================================================================
2026-02-15 21:29:21,283 [WARNING]  TRADING BLOCKED: No tokens subscribed yet.
2026-02-15 21:29:21,835 [INFO]  Entry monitor paused - waiting for WebSocket/data recovery
2026-02-15 21:29:24,347 [WARNING]  TRADING BLOCKED: No tokens subscribed yet.
2026-02-15 21:29:24,831 [INFO]  Entry monitor paused - waiting for WebSocket/data recovery
2026-02-15 21:29:25,311 [INFO]  21:29:25 | CLOSED | P&L: Rs0.00 | Pos: 0
2026-02-15 21:29:27,316 [WARNING]  TRADING BLOCKED: No tokens subscribed yet.
2026-02-15 21:29:27,800 [INFO]  Entry monitor paused - waiting for WebSocket/data recovery
2026-02-15 21:29:30,286 [WARNING]  TRADING BLOCKED: No tokens subscribed yet.
2026-02-15 21:29:30,709 [WARNING]  No ticks for 30.0s. Forcing reconnect.
2026-02-15 21:29:30,771 [INFO]  Entry monitor paused - waiting for WebSocket/data recovery
2026-02-15 21:29:30,798 [INFO]  21:29:30 | CLOSED | P&L: Rs0.00 | Pos: 0
2026-02-15 21:29:31,321 [WARNING] [PATCH] _on_close error (continuing): SmartWebSocketV2._on_close() missing 1 required positional argument: 'wsapp'
2026-02-15 21:29:33,754 [WARNING]  TRADING BLOCKED: No tokens subscribed yet.
2026-02-15 21:29:34,240 [INFO]  Entry monitor paused - waiting for WebSocket/data recovery
2026-02-15 21:29:36,725 [WARNING]  TRADING BLOCKED: No tokens subscribed yet.
2026-02-15 21:29:37,193 [INFO]  Entry monitor paused - waiting for WebSocket/data recovery
2026-02-15 21:29:37,243 [INFO]  21:29:37 | CLOSED | P&L: Rs0.00 | Pos: 0
2026-02-15 21:29:39,694 [WARNING]  TRADING BLOCKED: No tokens subscribed yet.
2026-02-15 21:29:40,177 [INFO]  Entry monitor paused - waiting for WebSocket/data recovery
2026-02-15 21:29:41,323 [WARNING]  No ticks for 40.6s. Forcing reconnect.
2026-02-15 21:29:42,673 [WARNING]  TRADING BLOCKED: No tokens subscribed yet.
2026-02-15 21:29:43,145 [INFO]  Entry monitor paused - waiting for WebSocket/data recovery
2026-02-15 21:29:43,185 [INFO]  21:29:43 | CLOSED | P&L: Rs0.00 | Pos: 0
2026-02-15 21:29:45,660 [WARNING]  TRADING BLOCKED: No tokens subscribed yet.
2026-02-15 21:29:46,200 [INFO]  Entry monitor paused - waiting for WebSocket/data recovery
2026-02-15 21:29:48,909 [WARNING]  TRADING BLOCKED: No tokens subscribed yet.
2026-02-15 21:29:49,144 [INFO]  21:29:49 | CLOSED | P&L: Rs0.00 | Pos: 0
2026-02-15 21:29:49,404 [INFO]  Entry monitor paused - waiting for WebSocket/data recovery
2026-02-15 21:29:51,809 [WARNING]  No ticks for 51.1s. Forcing reconnect.
2026-02-15 21:29:52,398 [WARNING]  TRADING BLOCKED: No tokens subscribed yet.
2026-02-15 21:29:52,971 [INFO]  Entry monitor paused - waiting for WebSocket/data recovery
2026-02-15 21:29:54,912 [INFO]  21:29:54 | CLOSED | P&L: Rs0.00 | Pos: 0
2026-02-15 21:29:55,489 [WARNING]  TRADING BLOCKED: No tokens subscribed yet.
2026-02-15 21:29:56,021 [INFO]  Entry monitor paused - waiting for WebSocket/data recovery
2026-02-15 21:29:58,552 [WARNING]  TRADING BLOCKED: No tokens subscribed yet.
2026-02-15 21:29:59,052 [INFO]  Entry monitor paused - waiting for WebSocket/data recovery
2026-02-15 21:30:00,413 [INFO]  21:30:00 | CLOSED | P&L: Rs0.00 | Pos: 0
2026-02-15 21:30:01,563 [WARNING]  TRADING BLOCKED: No tokens subscribed yet.
2026-02-15 21:30:02,051 [INFO]  Entry monitor paused - waiting for WebSocket/data recovery
2026-02-15 21:30:02,294 [WARNING]  No ticks for 61.6s. Forcing reconnect.
2026-02-15 21:30:04,540 [WARNING]  TRADING BLOCKED: No tokens subscribed yet.
2026-02-15 21:30:05,017 [INFO]  Entry monitor paused - waiting for WebSocket/data recovery
2026-02-15 21:30:06,011 [INFO]  21:30:06 | CLOSED | P&L: Rs0.00 | Pos: 0
2026-02-15 21:30:47,339 [INFO]  SmartWebSocketV2 patched for signature safety
2026-02-15 21:30:47,368 [INFO] ================================================================================
2026-02-15 21:30:47,368 [INFO] NIFTY THETA STRATEGY v3.0 - PAPER MODE
2026-02-15 21:30:47,369 [INFO] ================================================================================
2026-02-15 21:30:47,464 [INFO]  Time drift: 2.654s
2026-02-15 21:30:47,465 [INFO]  Time sync OK
2026-02-15 21:30:47,465 [INFO] ================================================================================
2026-02-15 21:30:47,466 [INFO]  LOGGING IN TO ANGEL ONE
2026-02-15 21:30:47,466 [INFO] ================================================================================
2026-02-15 21:30:47,764 [INFO] Client Code: A300707
2026-02-15 21:30:47,764 [INFO] TOTP: 019500
2026-02-15 21:30:49,151 [INFO]  Login successful
2026-02-15 21:30:49,152 [INFO] Session: Bearer eyJhbGciOiJIU...
2026-02-15 21:30:49,153 [INFO] ================================================================================
2026-02-15 21:30:49,154 [INFO] CREATING DATA FEED: LIVE MODE
2026-02-15 21:30:49,154 [INFO] ================================================================================
2026-02-15 21:30:49,155 [INFO]  LIVE mode - initializing ENHANCED WebSocket
2026-02-15 21:30:49,156 [INFO]  Tick recorder: c:\Users\SANU\Desktop\New folder (2)\12 Feb Onwards\trading_system_fixed\tick_data
2026-02-15 21:30:49,157 [INFO]  Connecting WebSocket...
2026-02-15 21:30:49,284 [INFO] Websocket connected
2026-02-15 21:30:49,284 [INFO]  WebSocket connection opened
2026-02-15 21:30:49,284 [INFO]  WebSocket connected - LTP cache INVALIDATED
2026-02-15 21:30:49,284 [INFO]  Heartbeat watchdog started (timeout: 30.0s)
2026-02-15 21:30:49,284 [INFO]  LIVE data feed initialized
2026-02-15 21:30:49,297 [INFO] ================================================================================
2026-02-15 21:30:49,297 [INFO] CREATING BROKER: PAPER MODE
2026-02-15 21:30:49,297 [INFO] ================================================================================
2026-02-15 21:30:49,297 [INFO] TelegramNotifierTextOnly initialized (interval=30s)
2026-02-15 21:30:49,297 [INFO]  NOTIFIER PROTOCOL ASSERTION PASSED - all 9 methods verified
2026-02-15 21:30:53,063 [INFO] 📊 Snapshot loop started (fixed 30-second intervals during IN_TRADE)
2026-02-15 21:30:53,063 [INFO] TelegramNotifierTextOnly started
2026-02-15 21:30:53,063 [INFO] ================================================================================
2026-02-15 21:30:53,063 [INFO]  NOTIFIER PROTOCOL VALIDATED
2026-02-15 21:30:53,063 [INFO] ================================================================================
2026-02-15 21:30:53,063 [INFO] All 9 required methods present
2026-02-15 21:30:53,063 [INFO] ================================================================================
2026-02-15 21:30:53,063 [INFO]  Telegram notifier started and validated
2026-02-15 21:30:53,063 [INFO]  Same day - preserving state
2026-02-15 21:30:53,063 [INFO]  PAPER TRADING MODE - Simulated orders only
2026-02-15 21:30:53,063 [INFO] ======================================================================
2026-02-15 21:30:53,063 [INFO]  EXECUTION GATEWAY INITIALIZED
2026-02-15 21:30:53,075 [INFO] ======================================================================
2026-02-15 21:30:53,075 [INFO] Rate Limit: 20 orders/minute
2026-02-15 21:30:53,076 [INFO] Max Daily Loss: 10000.0
2026-02-15 21:30:53,076 [INFO] Circuit Breaker: ENABLED
2026-02-15 21:30:53,077 [INFO] Kill Switch: OFF
2026-02-15 21:30:53,077 [INFO] No New Trades: NO
2026-02-15 21:30:53,078 [INFO] ======================================================================
2026-02-15 21:30:53,078 [INFO]  PaperBroker: ExecutionGateway integrated
2026-02-15 21:30:54,147 [INFO]  Loaded 187043 instruments
2026-02-15 21:30:54,147 [INFO]  Notifier logging handler attached
2026-02-15 21:30:55,147 [INFO] 🔄 System status: Login=SUCCESS, WS=PENDING
2026-02-15 21:30:57,624 [INFO] ================================================================================
2026-02-15 21:30:58,099 [INFO] [OK] NOTIFIER CONTRACT ASSERTION PASSED
2026-02-15 21:30:58,630 [INFO] ================================================================================
2026-02-15 21:30:59,098 [INFO] All 9 required methods verified
2026-02-15 21:30:59,589 [INFO] ================================================================================
2026-02-15 21:31:00,063 [INFO] [START] Starting strategy...
2026-02-15 21:31:00,521 [INFO] [SAFETY] Checking broker for open positions on startup...
2026-02-15 21:31:01,011 [INFO] [SAFETY] No open positions at broker - starting fresh
2026-02-15 21:31:01,486 [INFO] Market hours detected - skipping standby mode
2026-02-15 21:31:01,963 [WARNING]  TRADING BLOCKED: No tokens subscribed yet.
2026-02-15 21:31:01,963 [INFO]  21:31:01 | CLOSED | P&L: Rs0.00 | Pos: 0
2026-02-15 21:31:01,963 [INFO] [OK] Strategy engine started
2026-02-15 21:31:02,461 [INFO]  Entry monitor paused - waiting for WebSocket/data recovery
2026-02-15 21:31:02,974 [INFO]  TRAILING STOP-LOSS ACTIVATED (14:15)
2026-02-15 21:31:03,647 [INFO] ================================================================================
2026-02-15 21:31:05,073 [INFO]  STRATEGY RUNNING
2026-02-15 21:31:05,570 [INFO] ================================================================================
2026-02-15 21:31:06,029 [INFO] Data Source: LIVE
2026-02-15 21:31:06,128 [WARNING]  TRADING BLOCKED: No tokens subscribed yet.
2026-02-15 21:31:06,539 [INFO] Trading Mode: PAPER
2026-02-15 21:31:07,179 [INFO]  Entry monitor paused - waiting for WebSocket/data recovery
2026-02-15 21:31:07,653 [INFO] Press Ctrl+C to stop
2026-02-15 21:31:34,567 [INFO]  SmartWebSocketV2 patched for signature safety
2026-02-15 21:31:34,583 [INFO] ================================================================================
2026-02-15 21:31:34,583 [INFO] NIFTY THETA STRATEGY v3.0 - PAPER MODE
2026-02-15 21:31:34,583 [INFO] ================================================================================
2026-02-15 21:31:34,692 [INFO]  Time drift: 2.655s
2026-02-15 21:31:34,692 [INFO]  Time sync OK
2026-02-15 21:31:34,692 [INFO] ================================================================================
2026-02-15 21:31:34,692 [INFO]  LOGGING IN TO ANGEL ONE
2026-02-15 21:31:34,692 [INFO] ================================================================================
2026-02-15 21:31:34,959 [INFO] Client Code: A300707
2026-02-15 21:31:34,959 [INFO] TOTP: 157907
2026-02-15 21:31:36,261 [INFO]  Login successful
2026-02-15 21:31:36,261 [INFO] Session: Bearer eyJhbGciOiJIU...
2026-02-15 21:31:36,261 [INFO] ================================================================================
2026-02-15 21:31:36,261 [INFO] CREATING DATA FEED: LIVE MODE
2026-02-15 21:31:36,261 [INFO] ================================================================================
2026-02-15 21:31:36,261 [INFO]  LIVE mode - initializing ENHANCED WebSocket
2026-02-15 21:31:36,279 [INFO]  Tick recorder: c:\Users\SANU\Desktop\New folder (2)\12 Feb Onwards\trading_system_fixed\tick_data
2026-02-15 21:31:36,281 [INFO]  Connecting WebSocket...
2026-02-15 21:31:36,493 [INFO] Websocket connected
2026-02-15 21:31:36,508 [INFO]  WebSocket connection opened
2026-02-15 21:31:36,508 [INFO]  WebSocket connected - LTP cache INVALIDATED
2026-02-15 21:31:36,508 [INFO]  Heartbeat watchdog started (timeout: 30.0s)
2026-02-15 21:31:36,517 [INFO]  LIVE data feed initialized
2026-02-15 21:31:36,518 [INFO] ================================================================================
2026-02-15 21:31:36,520 [INFO] CREATING BROKER: PAPER MODE
2026-02-15 21:31:36,521 [INFO] ================================================================================
2026-02-15 21:31:36,526 [INFO] TelegramNotifierTextOnly initialized (interval=30s)
2026-02-15 21:31:36,528 [INFO]  NOTIFIER PROTOCOL ASSERTION PASSED - all 9 methods verified
2026-02-15 21:31:39,476 [INFO] 📊 Snapshot loop started (fixed 30-second intervals during IN_TRADE)
2026-02-15 21:31:39,476 [INFO] TelegramNotifierTextOnly started
2026-02-15 21:31:39,478 [INFO] ================================================================================
2026-02-15 21:31:39,479 [INFO]  NOTIFIER PROTOCOL VALIDATED
2026-02-15 21:31:39,480 [INFO] ================================================================================
2026-02-15 21:31:39,482 [INFO] All 9 required methods present
2026-02-15 21:31:39,483 [INFO] ================================================================================
2026-02-15 21:31:39,484 [INFO]  Telegram notifier started and validated
2026-02-15 21:31:39,487 [INFO]  Same day - preserving state
2026-02-15 21:31:39,496 [INFO]  PAPER TRADING MODE - Simulated orders only
2026-02-15 21:31:39,498 [INFO] ======================================================================
2026-02-15 21:31:39,499 [INFO]  EXECUTION GATEWAY INITIALIZED
2026-02-15 21:31:39,500 [INFO] ======================================================================
2026-02-15 21:31:39,501 [INFO] Rate Limit: 20 orders/minute
2026-02-15 21:31:39,502 [INFO] Max Daily Loss: 10000.0
2026-02-15 21:31:39,502 [INFO] Circuit Breaker: ENABLED
2026-02-15 21:31:39,503 [INFO] Kill Switch: OFF
2026-02-15 21:31:39,503 [INFO] No New Trades: NO
2026-02-15 21:31:39,504 [INFO] ======================================================================
2026-02-15 21:31:39,505 [INFO]  PaperBroker: ExecutionGateway integrated
2026-02-15 21:31:40,543 [INFO]  Loaded 187043 instruments
2026-02-15 21:31:40,543 [INFO]  Notifier logging handler attached
2026-02-15 21:31:41,542 [INFO] 🔄 System status: Login=SUCCESS, WS=PENDING
2026-02-15 21:31:44,061 [INFO] ================================================================================
2026-02-15 21:31:44,551 [INFO] [OK] NOTIFIER CONTRACT ASSERTION PASSED
2026-02-15 21:31:45,067 [INFO] ================================================================================
2026-02-15 21:31:45,574 [INFO] All 9 required methods verified
2026-02-15 21:31:46,074 [INFO] ================================================================================
2026-02-15 21:31:46,574 [INFO] [START] Starting strategy...
2026-02-15 21:31:47,079 [INFO] [SAFETY] Checking broker for open positions on startup...
2026-02-15 21:31:47,577 [INFO] [SAFETY] No open positions at broker - starting fresh
2026-02-15 21:31:48,100 [INFO] Market hours detected - skipping standby mode
2026-02-15 21:32:36,630 [INFO]  SmartWebSocketV2 patched for signature safety
2026-02-15 21:32:36,645 [INFO] ================================================================================
2026-02-15 21:32:36,645 [INFO] NIFTY THETA STRATEGY v3.0 - PAPER MODE
2026-02-15 21:32:36,645 [INFO] ================================================================================
2026-02-15 21:32:36,751 [INFO]  Time drift: 2.656s
2026-02-15 21:32:36,751 [INFO]  Time sync OK
2026-02-15 21:32:36,751 [INFO] ================================================================================
2026-02-15 21:32:36,752 [INFO]  LOGGING IN TO ANGEL ONE
2026-02-15 21:32:36,753 [INFO] ================================================================================
2026-02-15 21:32:37,036 [INFO] Client Code: A300707
2026-02-15 21:32:37,036 [INFO] TOTP: 825043
2026-02-15 21:32:38,356 [INFO]  Login successful
2026-02-15 21:32:38,356 [INFO] Session: Bearer eyJhbGciOiJIU...
2026-02-15 21:32:38,356 [INFO] ================================================================================
2026-02-15 21:32:38,356 [INFO] CREATING DATA FEED: LIVE MODE
2026-02-15 21:32:38,356 [INFO] ================================================================================
2026-02-15 21:32:38,371 [INFO]  LIVE mode - initializing ENHANCED WebSocket
2026-02-15 21:32:38,372 [INFO]  Tick recorder: c:\Users\SANU\Desktop\New folder (2)\12 Feb Onwards\trading_system_fixed\tick_data
2026-02-15 21:32:38,372 [INFO]  Connecting WebSocket...
2026-02-15 21:32:38,506 [INFO] Websocket connected
2026-02-15 21:32:38,508 [INFO]  WebSocket connection opened
2026-02-15 21:32:38,510 [INFO]  WebSocket connected - LTP cache INVALIDATED
2026-02-15 21:32:38,511 [INFO]  Heartbeat watchdog started (timeout: 30.0s)
2026-02-15 21:32:38,512 [INFO]  LIVE data feed initialized
2026-02-15 21:32:38,512 [INFO] ================================================================================
2026-02-15 21:32:38,513 [INFO] CREATING BROKER: PAPER MODE
2026-02-15 21:32:38,514 [INFO] ================================================================================
2026-02-15 21:32:38,515 [INFO] TelegramNotifierTextOnly initialized (interval=30s)
2026-02-15 21:32:38,515 [INFO]  NOTIFIER PROTOCOL ASSERTION PASSED - all 9 methods verified
2026-02-15 21:32:41,359 [INFO] 📊 Snapshot loop started (fixed 30-second intervals during IN_TRADE)
2026-02-15 21:32:41,359 [INFO] TelegramNotifierTextOnly started
2026-02-15 21:32:41,361 [INFO] ================================================================================
2026-02-15 21:32:41,362 [INFO]  NOTIFIER PROTOCOL VALIDATED
2026-02-15 21:32:41,364 [INFO] ================================================================================
2026-02-15 21:32:41,365 [INFO] All 9 required methods present
2026-02-15 21:32:41,366 [INFO] ================================================================================
2026-02-15 21:32:41,367 [INFO]  Telegram notifier started and validated
2026-02-15 21:32:41,369 [INFO]  Same day - preserving state
2026-02-15 21:32:41,385 [INFO]  PAPER TRADING MODE - Simulated orders only
2026-02-15 21:32:41,388 [INFO] ======================================================================
2026-02-15 21:32:41,391 [INFO]  EXECUTION GATEWAY INITIALIZED
2026-02-15 21:32:41,391 [INFO] ======================================================================
2026-02-15 21:32:41,392 [INFO] Rate Limit: 20 orders/minute
2026-02-15 21:32:41,393 [INFO] Max Daily Loss: 10000.0
2026-02-15 21:32:41,393 [INFO] Circuit Breaker: ENABLED
2026-02-15 21:32:41,394 [INFO] Kill Switch: OFF
2026-02-15 21:32:41,395 [INFO] No New Trades: NO
2026-02-15 21:32:41,395 [INFO] ======================================================================
2026-02-15 21:32:41,395 [INFO]  PaperBroker: ExecutionGateway integrated
2026-02-15 21:32:42,794 [INFO]  Loaded 187043 instruments
2026-02-15 21:32:42,806 [INFO]  Notifier logging handler attached
2026-02-15 21:32:43,738 [INFO] 🔄 System status: Login=SUCCESS, WS=PENDING
2026-02-15 21:40:30,081 [INFO] ======================================================================
2026-02-15 21:40:30,083 [INFO]  EXECUTION GATEWAY INITIALIZED
2026-02-15 21:40:30,083 [INFO] ======================================================================
2026-02-15 21:40:30,083 [INFO] Rate Limit: 20 orders/minute
2026-02-15 21:40:30,084 [INFO] Max Daily Loss: 10000.0
2026-02-15 21:40:30,084 [INFO] Circuit Breaker: ENABLED
2026-02-15 21:40:30,085 [INFO] Kill Switch: OFF
2026-02-15 21:40:30,085 [INFO] No New Trades: NO
2026-02-15 21:40:30,085 [INFO] ======================================================================
2026-02-15 21:40:30,086 [INFO]  ExecutionGateway: Feed circuit breaker ENABLED
2026-02-15 21:40:30,086 [INFO]  ExecutionGateway: Telegram feed alerts ENABLED
2026-02-15 21:40:30,090 [INFO] ======================================================================
2026-02-15 21:40:30,091 [INFO]  EXECUTION GATEWAY INITIALIZED
2026-02-15 21:40:30,091 [INFO] ======================================================================
2026-02-15 21:40:30,091 [INFO] Rate Limit: 20 orders/minute
2026-02-15 21:40:30,092 [INFO] Max Daily Loss: 10000.0
2026-02-15 21:40:30,093 [INFO] Circuit Breaker: ENABLED
2026-02-15 21:40:30,093 [INFO] Kill Switch: OFF
2026-02-15 21:40:30,093 [INFO] No New Trades: NO
2026-02-15 21:40:30,094 [INFO] ======================================================================
2026-02-15 21:40:30,094 [INFO]  ExecutionGateway: Feed circuit breaker ENABLED
2026-02-15 21:40:30,095 [INFO]  ExecutionGateway: Telegram feed alerts ENABLED
2026-02-15 21:40:30,101 [INFO] ======================================================================
2026-02-15 21:40:30,102 [INFO]  EXECUTION GATEWAY INITIALIZED
2026-02-15 21:40:30,102 [INFO] ======================================================================
2026-02-15 21:40:30,103 [INFO] Rate Limit: 20 orders/minute
2026-02-15 21:40:30,104 [INFO] Max Daily Loss: 10000.0
2026-02-15 21:40:30,104 [INFO] Circuit Breaker: ENABLED
2026-02-15 21:40:30,104 [INFO] Kill Switch: OFF
2026-02-15 21:40:30,105 [INFO] No New Trades: NO
2026-02-15 21:40:30,105 [INFO] ======================================================================
2026-02-15 21:40:30,106 [INFO]  ExecutionGateway: Feed circuit breaker ENABLED
2026-02-15 21:40:30,106 [INFO]  ExecutionGateway: Telegram feed alerts ENABLED
2026-02-15 21:40:30,108 [WARNING] ⚠️ ENTRY BLOCKED: Feed CRITICAL - 3 critical, 2 degraded
2026-02-15 21:40:30,110 [INFO] ======================================================================
2026-02-15 21:40:30,110 [INFO]  EXECUTION GATEWAY INITIALIZED
2026-02-15 21:40:30,114 [INFO] ======================================================================
2026-02-15 21:40:30,114 [INFO] Rate Limit: 20 orders/minute
2026-02-15 21:40:30,115 [INFO] Max Daily Loss: 10000.0
2026-02-15 21:40:30,115 [INFO] Circuit Breaker: ENABLED
2026-02-15 21:40:30,115 [INFO] Kill Switch: OFF
2026-02-15 21:40:30,116 [INFO] No New Trades: NO
2026-02-15 21:40:30,116 [INFO] ======================================================================
2026-02-15 21:40:30,117 [INFO]  ExecutionGateway: Feed circuit breaker ENABLED
2026-02-15 21:40:30,117 [INFO]  ExecutionGateway: Telegram feed alerts ENABLED
2026-02-15 21:40:30,120 [INFO] ======================================================================
2026-02-15 21:40:30,121 [INFO]  EXECUTION GATEWAY INITIALIZED
2026-02-15 21:40:30,121 [INFO] ======================================================================
2026-02-15 21:40:30,122 [INFO] Rate Limit: 20 orders/minute
2026-02-15 21:40:30,122 [INFO] Max Daily Loss: 10000.0
2026-02-15 21:40:30,123 [INFO] Circuit Breaker: ENABLED
2026-02-15 21:40:30,123 [INFO] Kill Switch: OFF
2026-02-15 21:40:30,124 [INFO] No New Trades: NO
2026-02-15 21:40:30,124 [INFO] ======================================================================
2026-02-15 21:40:30,125 [INFO]  ExecutionGateway: Feed circuit breaker ENABLED
2026-02-15 21:40:30,125 [INFO]  ExecutionGateway: Telegram feed alerts ENABLED
2026-02-15 21:40:30,128 [ERROR] 🚫 ORDER BLOCKED: Feed DEAD - 50 tokens dead
2026-02-15 21:40:30,133 [INFO] ======================================================================
2026-02-15 21:40:30,134 [INFO]  EXECUTION GATEWAY INITIALIZED
2026-02-15 21:40:30,134 [INFO] ======================================================================
2026-02-15 21:40:30,135 [INFO] Rate Limit: 20 orders/minute
2026-02-15 21:40:30,136 [INFO] Max Daily Loss: 10000.0
2026-02-15 21:40:30,136 [INFO] Circuit Breaker: ENABLED
2026-02-15 21:40:30,136 [INFO] Kill Switch: OFF
2026-02-15 21:40:30,137 [INFO] No New Trades: NO
2026-02-15 21:40:30,137 [INFO] ======================================================================
2026-02-15 21:40:30,138 [INFO]  ExecutionGateway: Feed circuit breaker ENABLED
2026-02-15 21:40:30,138 [INFO]  ExecutionGateway: Telegram feed alerts ENABLED
2026-02-15 21:40:30,140 [ERROR] 🚫 ORDER BLOCKED: Feed DEAD - 50 tokens dead
2026-02-15 21:40:30,141 [INFO] ======================================================================
2026-02-15 21:40:30,142 [INFO]  EXECUTION GATEWAY INITIALIZED
2026-02-15 21:40:30,142 [INFO] ======================================================================
2026-02-15 21:40:30,143 [INFO] Rate Limit: 20 orders/minute
2026-02-15 21:40:30,144 [INFO] Max Daily Loss: 10000.0
2026-02-15 21:40:30,144 [INFO] Circuit Breaker: ENABLED
2026-02-15 21:40:30,144 [INFO] Kill Switch: OFF
2026-02-15 21:40:30,147 [INFO] No New Trades: NO
2026-02-15 21:40:30,147 [INFO] ======================================================================
2026-02-15 21:40:30,148 [INFO]  ExecutionGateway: Feed circuit breaker ENABLED
2026-02-15 21:40:30,148 [INFO]  ExecutionGateway: Telegram feed alerts ENABLED
2026-02-15 21:40:30,150 [ERROR] 🚫 ORDER BLOCKED: Feed DEAD - 50 tokens dead
2026-02-15 21:40:30,154 [INFO] ======================================================================
2026-02-15 21:40:30,155 [INFO]  EXECUTION GATEWAY INITIALIZED
2026-02-15 21:40:30,155 [INFO] ======================================================================
2026-02-15 21:40:30,156 [INFO] Rate Limit: 20 orders/minute
2026-02-15 21:40:30,156 [INFO] Max Daily Loss: 10000.0
2026-02-15 21:40:30,157 [INFO] Circuit Breaker: ENABLED
2026-02-15 21:40:30,157 [INFO] Kill Switch: OFF
2026-02-15 21:40:30,158 [INFO] No New Trades: NO
2026-02-15 21:40:30,158 [INFO] ======================================================================
2026-02-15 21:40:30,159 [INFO]  ExecutionGateway: Feed circuit breaker ENABLED
2026-02-15 21:40:30,159 [INFO]  ExecutionGateway: Telegram feed alerts ENABLED
2026-02-15 21:40:30,161 [WARNING] ⚠️ ENTRY BLOCKED: Feed CRITICAL - 3 critical tokens
2026-02-15 21:40:30,266 [WARNING] ⚠️ ENTRY BLOCKED: Feed CRITICAL - 3 critical tokens
2026-02-15 21:40:30,369 [INFO] ======================================================================
2026-02-15 21:40:30,370 [INFO]  EXECUTION GATEWAY INITIALIZED
2026-02-15 21:40:30,371 [INFO] ======================================================================
2026-02-15 21:40:30,372 [INFO] Rate Limit: 20 orders/minute
2026-02-15 21:40:30,373 [INFO] Max Daily Loss: 10000.0
2026-02-15 21:40:30,374 [INFO] Circuit Breaker: ENABLED
2026-02-15 21:40:30,375 [INFO] Kill Switch: OFF
2026-02-15 21:40:30,375 [INFO] No New Trades: NO
2026-02-15 21:40:30,376 [INFO] ======================================================================
2026-02-15 21:40:30,377 [INFO]  ExecutionGateway: Feed circuit breaker ENABLED
2026-02-15 21:40:30,378 [INFO]  ExecutionGateway: Telegram feed alerts ENABLED
2026-02-15 21:40:30,386 [INFO] ======================================================================
2026-02-15 21:40:30,387 [INFO]  EXECUTION GATEWAY INITIALIZED
2026-02-15 21:40:30,388 [INFO] ======================================================================
2026-02-15 21:40:30,389 [INFO] Rate Limit: 20 orders/minute
2026-02-15 21:40:30,390 [INFO] Max Daily Loss: 10000.0
2026-02-15 21:40:30,391 [INFO] Circuit Breaker: ENABLED
2026-02-15 21:40:30,398 [INFO] Kill Switch: OFF
2026-02-15 21:40:30,399 [INFO] No New Trades: NO
2026-02-15 21:40:30,400 [INFO] ======================================================================
2026-02-15 21:40:30,401 [INFO]  ExecutionGateway: Feed circuit breaker ENABLED
2026-02-15 21:40:30,402 [INFO]  ExecutionGateway: Telegram feed alerts ENABLED
2026-02-15 21:40:30,407 [INFO] ======================================================================
2026-02-15 21:40:30,408 [INFO]  EXECUTION GATEWAY INITIALIZED
2026-02-15 21:40:30,410 [INFO] ======================================================================
2026-02-15 21:40:30,417 [INFO] Rate Limit: 20 orders/minute
2026-02-15 21:40:30,418 [INFO] Max Daily Loss: 10000.0
2026-02-15 21:40:30,418 [INFO] Circuit Breaker: ENABLED
2026-02-15 21:40:30,431 [INFO] Kill Switch: OFF
2026-02-15 21:40:30,431 [INFO] No New Trades: NO
2026-02-15 21:40:30,431 [INFO] ======================================================================
2026-02-15 21:40:30,431 [INFO]  ExecutionGateway: Feed circuit breaker ENABLED
2026-02-15 21:40:30,431 [INFO]  ExecutionGateway: Telegram feed alerts ENABLED
2026-02-15 21:40:30,450 [INFO] ======================================================================
2026-02-15 21:40:30,450 [INFO]  EXECUTION GATEWAY INITIALIZED
2026-02-15 21:40:30,450 [INFO] ======================================================================
2026-02-15 21:40:30,450 [INFO] Rate Limit: 20 orders/minute
2026-02-15 21:40:30,450 [INFO] Max Daily Loss: 10000.0
2026-02-15 21:40:30,450 [INFO] Circuit Breaker: ENABLED
2026-02-15 21:40:30,450 [INFO] Kill Switch: OFF
2026-02-15 21:40:30,450 [INFO] No New Trades: NO
2026-02-15 21:40:30,464 [INFO] ======================================================================
2026-02-15 21:40:30,466 [INFO]  ExecutionGateway: Feed circuit breaker ENABLED
2026-02-15 21:40:30,467 [INFO]  ExecutionGateway: Telegram feed alerts ENABLED
2026-02-15 21:40:30,504 [WARNING] ⚠️ ENTRY BLOCKED: Feed CRITICAL - test
2026-02-15 21:40:30,504 [WARNING] ⚠️ ENTRY BLOCKED: Feed CRITICAL - test
2026-02-15 21:40:30,537 [INFO] ======================================================================
2026-02-15 21:40:30,537 [INFO]  EXECUTION GATEWAY INITIALIZED
2026-02-15 21:40:30,537 [INFO] ======================================================================
2026-02-15 21:40:30,537 [INFO] Rate Limit: 20 orders/minute
2026-02-15 21:40:30,537 [INFO] Max Daily Loss: 10000.0
2026-02-15 21:40:30,537 [INFO] Circuit Breaker: ENABLED
2026-02-15 21:40:30,537 [INFO] Kill Switch: OFF
2026-02-15 21:40:30,537 [INFO] No New Trades: NO
2026-02-15 21:40:30,537 [INFO] ======================================================================
2026-02-15 21:40:30,537 [INFO]  ExecutionGateway: Feed circuit breaker ENABLED
2026-02-15 21:40:30,537 [INFO]  ExecutionGateway: Telegram feed alerts ENABLED
2026-02-15 21:40:30,550 [INFO] ======================================================================
2026-02-15 21:40:30,551 [INFO]  EXECUTION GATEWAY INITIALIZED
2026-02-15 21:40:30,551 [INFO] ======================================================================
2026-02-15 21:40:30,552 [INFO] Rate Limit: 20 orders/minute
2026-02-15 21:40:30,553 [INFO] Max Daily Loss: 10000.0
2026-02-15 21:40:30,554 [INFO] Circuit Breaker: ENABLED
2026-02-15 21:40:30,556 [INFO] Kill Switch: OFF
2026-02-15 21:40:30,556 [INFO] No New Trades: NO
2026-02-15 21:40:30,556 [INFO] ======================================================================
2026-02-15 21:40:30,556 [INFO]  ExecutionGateway: Feed circuit breaker ENABLED
2026-02-15 21:40:30,556 [INFO]  ExecutionGateway: Telegram feed alerts ENABLED
2026-02-15 21:40:30,556 [INFO] ======================================================================
2026-02-15 21:40:30,566 [INFO]  EXECUTION GATEWAY INITIALIZED
2026-02-15 21:40:30,567 [INFO] ======================================================================
2026-02-15 21:40:30,568 [INFO] Rate Limit: 20 orders/minute
2026-02-15 21:40:30,568 [INFO] Max Daily Loss: 10000.0
2026-02-15 21:40:30,569 [INFO] Circuit Breaker: ENABLED
2026-02-15 21:40:30,570 [INFO] Kill Switch: OFF
2026-02-15 21:40:30,570 [INFO] No New Trades: NO
2026-02-15 21:40:30,572 [INFO] ======================================================================
2026-02-15 21:40:30,575 [INFO] ======================================================================
2026-02-15 21:40:30,576 [INFO]  EXECUTION GATEWAY INITIALIZED
2026-02-15 21:40:30,577 [INFO] ======================================================================
2026-02-15 21:40:30,579 [INFO] Rate Limit: 20 orders/minute
2026-02-15 21:40:30,580 [INFO] Max Daily Loss: 10000.0
2026-02-15 21:40:30,581 [INFO] Circuit Breaker: ENABLED
2026-02-15 21:40:30,584 [INFO] Kill Switch: OFF
2026-02-15 21:40:30,585 [INFO] No New Trades: NO
2026-02-15 21:40:30,585 [INFO] ======================================================================
2026-02-15 21:40:30,586 [INFO]  ExecutionGateway: Feed circuit breaker ENABLED
2026-02-15 21:40:30,589 [WARNING] ⚠️ ENTRY BLOCKED: Feed CRITICAL - 5 critical tokens
2026-02-15 21:41:00,713 [INFO] ======================================================================
2026-02-15 21:41:00,714 [INFO]  EXECUTION GATEWAY INITIALIZED
2026-02-15 21:41:00,715 [INFO] ======================================================================
2026-02-15 21:41:00,716 [INFO] Rate Limit: 20 orders/minute
2026-02-15 21:41:00,716 [INFO] Max Daily Loss: 10000.0
2026-02-15 21:41:00,716 [INFO] Circuit Breaker: ENABLED
2026-02-15 21:41:00,716 [INFO] Kill Switch: OFF
2026-02-15 21:41:00,716 [INFO] No New Trades: NO
2026-02-15 21:41:00,716 [INFO] ======================================================================
2026-02-15 21:41:00,716 [INFO]  ExecutionGateway: Feed circuit breaker ENABLED
2026-02-15 21:41:00,716 [INFO]  ExecutionGateway: Telegram feed alerts ENABLED
2026-02-15 21:41:00,716 [INFO] ======================================================================
2026-02-15 21:41:00,716 [INFO]  EXECUTION GATEWAY INITIALIZED
2026-02-15 21:41:00,716 [INFO] ======================================================================
2026-02-15 21:41:00,716 [INFO] Rate Limit: 20 orders/minute
2026-02-15 21:41:00,716 [INFO] Max Daily Loss: 10000.0
2026-02-15 21:41:00,728 [INFO] Circuit Breaker: ENABLED
2026-02-15 21:41:00,728 [INFO] Kill Switch: OFF
2026-02-15 21:41:00,729 [INFO] No New Trades: NO
2026-02-15 21:41:00,729 [INFO] ======================================================================
2026-02-15 21:41:00,730 [INFO]  ExecutionGateway: Feed circuit breaker ENABLED
2026-02-15 21:41:00,730 [INFO]  ExecutionGateway: Telegram feed alerts ENABLED
2026-02-15 21:41:00,735 [INFO] ======================================================================
2026-02-15 21:41:00,736 [INFO]  EXECUTION GATEWAY INITIALIZED
2026-02-15 21:41:00,737 [INFO] ======================================================================
2026-02-15 21:41:00,737 [INFO] Rate Limit: 20 orders/minute
2026-02-15 21:41:00,738 [INFO] Max Daily Loss: 10000.0
2026-02-15 21:41:00,738 [INFO] Circuit Breaker: ENABLED
2026-02-15 21:41:00,739 [INFO] Kill Switch: OFF
2026-02-15 21:41:00,740 [INFO] No New Trades: NO
2026-02-15 21:41:00,741 [INFO] ======================================================================
2026-02-15 21:41:00,741 [INFO]  ExecutionGateway: Feed circuit breaker ENABLED
2026-02-15 21:41:00,742 [INFO]  ExecutionGateway: Telegram feed alerts ENABLED
2026-02-15 21:41:00,747 [WARNING] ⚠️ ENTRY BLOCKED: Feed CRITICAL - 3 critical, 2 degraded
2026-02-15 21:41:00,750 [INFO] ======================================================================
2026-02-15 21:41:00,750 [INFO]  EXECUTION GATEWAY INITIALIZED
2026-02-15 21:41:00,751 [INFO] ======================================================================
2026-02-15 21:41:00,751 [INFO] Rate Limit: 20 orders/minute
2026-02-15 21:41:00,752 [INFO] Max Daily Loss: 10000.0
2026-02-15 21:41:00,752 [INFO] Circuit Breaker: ENABLED
2026-02-15 21:41:00,753 [INFO] Kill Switch: OFF
2026-02-15 21:41:00,753 [INFO] No New Trades: NO
2026-02-15 21:41:00,754 [INFO] ======================================================================
2026-02-15 21:41:00,755 [INFO]  ExecutionGateway: Feed circuit breaker ENABLED
2026-02-15 21:41:00,755 [INFO]  ExecutionGateway: Telegram feed alerts ENABLED
2026-02-15 21:41:00,758 [INFO] ======================================================================
2026-02-15 21:41:00,762 [INFO]  EXECUTION GATEWAY INITIALIZED
2026-02-15 21:41:00,765 [INFO] ======================================================================
2026-02-15 21:41:00,768 [INFO] Rate Limit: 20 orders/minute
2026-02-15 21:41:00,769 [INFO] Max Daily Loss: 10000.0
2026-02-15 21:41:00,770 [INFO] Circuit Breaker: ENABLED
2026-02-15 21:41:00,770 [INFO] Kill Switch: OFF
2026-02-15 21:41:00,771 [INFO] No New Trades: NO
2026-02-15 21:41:00,772 [INFO] ======================================================================
2026-02-15 21:41:00,772 [INFO]  ExecutionGateway: Feed circuit breaker ENABLED
2026-02-15 21:41:00,773 [INFO]  ExecutionGateway: Telegram feed alerts ENABLED
2026-02-15 21:41:00,775 [ERROR] 🚫 ORDER BLOCKED: Feed DEAD - 50 tokens dead
2026-02-15 21:41:00,778 [INFO] ======================================================================
2026-02-15 21:41:00,779 [INFO]  EXECUTION GATEWAY INITIALIZED
2026-02-15 21:41:00,780 [INFO] ======================================================================
2026-02-15 21:41:00,780 [INFO] Rate Limit: 20 orders/minute
2026-02-15 21:41:00,781 [INFO] Max Daily Loss: 10000.0
2026-02-15 21:41:00,781 [INFO] Circuit Breaker: ENABLED
2026-02-15 21:41:00,782 [INFO] Kill Switch: OFF
2026-02-15 21:41:00,783 [INFO] No New Trades: NO
2026-02-15 21:41:00,783 [INFO] ======================================================================
2026-02-15 21:41:00,784 [INFO]  ExecutionGateway: Feed circuit breaker ENABLED
2026-02-15 21:41:00,784 [INFO]  ExecutionGateway: Telegram feed alerts ENABLED
2026-02-15 21:41:00,786 [ERROR] 🚫 ORDER BLOCKED: Feed DEAD - 50 tokens dead
2026-02-15 21:41:00,788 [INFO] ======================================================================
2026-02-15 21:41:00,788 [INFO]  EXECUTION GATEWAY INITIALIZED
2026-02-15 21:41:00,789 [INFO] ======================================================================
2026-02-15 21:41:00,790 [INFO] Rate Limit: 20 orders/minute
2026-02-15 21:41:00,790 [INFO] Max Daily Loss: 10000.0
2026-02-15 21:41:00,791 [INFO] Circuit Breaker: ENABLED
2026-02-15 21:41:00,791 [INFO] Kill Switch: OFF
2026-02-15 21:41:00,791 [INFO] No New Trades: NO
2026-02-15 21:41:00,795 [INFO] ======================================================================
2026-02-15 21:41:00,796 [INFO]  ExecutionGateway: Feed circuit breaker ENABLED
2026-02-15 21:41:00,796 [INFO]  ExecutionGateway: Telegram feed alerts ENABLED
2026-02-15 21:41:00,798 [ERROR] 🚫 ORDER BLOCKED: Feed DEAD - 50 tokens dead
2026-02-15 21:41:00,802 [INFO] ======================================================================
2026-02-15 21:41:00,803 [INFO]  EXECUTION GATEWAY INITIALIZED
2026-02-15 21:41:00,803 [INFO] ======================================================================
2026-02-15 21:41:00,803 [INFO] Rate Limit: 20 orders/minute
2026-02-15 21:41:00,804 [INFO] Max Daily Loss: 10000.0
2026-02-15 21:41:00,804 [INFO] Circuit Breaker: ENABLED
2026-02-15 21:41:00,805 [INFO] Kill Switch: OFF
2026-02-15 21:41:00,805 [INFO] No New Trades: NO
2026-02-15 21:41:00,806 [INFO] ======================================================================
2026-02-15 21:41:00,806 [INFO]  ExecutionGateway: Feed circuit breaker ENABLED
2026-02-15 21:41:00,807 [INFO]  ExecutionGateway: Telegram feed alerts ENABLED
2026-02-15 21:41:00,809 [WARNING] ⚠️ ENTRY BLOCKED: Feed CRITICAL - 3 critical tokens
2026-02-15 21:41:00,910 [WARNING] ⚠️ ENTRY BLOCKED: Feed CRITICAL - 3 critical tokens
2026-02-15 21:41:01,013 [INFO] ======================================================================
2026-02-15 21:41:01,013 [INFO]  EXECUTION GATEWAY INITIALIZED
2026-02-15 21:41:01,013 [INFO] ======================================================================
2026-02-15 21:41:01,013 [INFO] Rate Limit: 20 orders/minute
2026-02-15 21:41:01,013 [INFO] Max Daily Loss: 10000.0
2026-02-15 21:41:01,013 [INFO] Circuit Breaker: ENABLED
2026-02-15 21:41:01,013 [INFO] Kill Switch: OFF
2026-02-15 21:41:01,013 [INFO] No New Trades: NO
2026-02-15 21:41:01,013 [INFO] ======================================================================
2026-02-15 21:41:01,013 [INFO]  ExecutionGateway: Feed circuit breaker ENABLED
2026-02-15 21:41:01,013 [INFO]  ExecutionGateway: Telegram feed alerts ENABLED
2026-02-15 21:41:01,013 [INFO] ======================================================================
2026-02-15 21:41:01,013 [INFO]  EXECUTION GATEWAY INITIALIZED
2026-02-15 21:41:01,013 [INFO] ======================================================================
2026-02-15 21:41:01,013 [INFO] Rate Limit: 20 orders/minute
2026-02-15 21:41:01,013 [INFO] Max Daily Loss: 10000.0
2026-02-15 21:41:01,013 [INFO] Circuit Breaker: ENABLED
2026-02-15 21:41:01,013 [INFO] Kill Switch: OFF
2026-02-15 21:41:01,013 [INFO] No New Trades: NO
2026-02-15 21:41:01,013 [INFO] ======================================================================
2026-02-15 21:41:01,013 [INFO]  ExecutionGateway: Feed circuit breaker ENABLED
2026-02-15 21:41:01,013 [INFO]  ExecutionGateway: Telegram feed alerts ENABLED
2026-02-15 21:41:01,029 [INFO] ======================================================================
2026-02-15 21:41:01,029 [INFO]  EXECUTION GATEWAY INITIALIZED
2026-02-15 21:41:01,029 [INFO] ======================================================================
2026-02-15 21:41:01,029 [INFO] Rate Limit: 20 orders/minute
2026-02-15 21:41:01,029 [INFO] Max Daily Loss: 10000.0
2026-02-15 21:41:01,029 [INFO] Circuit Breaker: ENABLED
2026-02-15 21:41:01,029 [INFO] Kill Switch: OFF
2026-02-15 21:41:01,029 [INFO] No New Trades: NO
2026-02-15 21:41:01,029 [INFO] ======================================================================
2026-02-15 21:41:01,029 [INFO]  ExecutionGateway: Feed circuit breaker ENABLED
2026-02-15 21:41:01,029 [INFO]  ExecutionGateway: Telegram feed alerts ENABLED
2026-02-15 21:41:01,029 [INFO] ======================================================================
2026-02-15 21:41:01,029 [INFO]  EXECUTION GATEWAY INITIALIZED
2026-02-15 21:41:01,029 [INFO] ======================================================================
2026-02-15 21:41:01,029 [INFO] Rate Limit: 20 orders/minute
2026-02-15 21:41:01,029 [INFO] Max Daily Loss: 10000.0
2026-02-15 21:41:01,029 [INFO] Circuit Breaker: ENABLED
2026-02-15 21:41:01,029 [INFO] Kill Switch: OFF
2026-02-15 21:41:01,029 [INFO] No New Trades: NO
2026-02-15 21:41:01,046 [INFO] ======================================================================
2026-02-15 21:41:01,048 [INFO]  ExecutionGateway: Feed circuit breaker ENABLED
2026-02-15 21:41:01,048 [INFO]  ExecutionGateway: Telegram feed alerts ENABLED
2026-02-15 21:41:01,076 [WARNING] ⚠️ ENTRY BLOCKED: Feed CRITICAL - test
2026-02-15 21:41:01,077 [WARNING] ⚠️ ENTRY BLOCKED: Feed CRITICAL - test
2026-02-15 21:41:01,082 [WARNING] ⚠️ ENTRY BLOCKED: Feed CRITICAL - test
2026-02-15 21:41:01,083 [WARNING] ⚠️ ENTRY BLOCKED: Feed CRITICAL - test
2026-02-15 21:41:01,114 [INFO] ======================================================================
2026-02-15 21:41:01,114 [INFO]  EXECUTION GATEWAY INITIALIZED
2026-02-15 21:41:01,115 [INFO] ======================================================================
2026-02-15 21:41:01,115 [INFO] Rate Limit: 20 orders/minute
2026-02-15 21:41:01,116 [INFO] Max Daily Loss: 10000.0
2026-02-15 21:41:01,116 [INFO] Circuit Breaker: ENABLED
2026-02-15 21:41:01,116 [INFO] Kill Switch: OFF
2026-02-15 21:41:01,117 [INFO] No New Trades: NO
2026-02-15 21:41:01,117 [INFO] ======================================================================
2026-02-15 21:41:01,118 [INFO]  ExecutionGateway: Feed circuit breaker ENABLED
2026-02-15 21:41:01,118 [INFO]  ExecutionGateway: Telegram feed alerts ENABLED
2026-02-15 21:41:01,121 [INFO] ======================================================================
2026-02-15 21:41:01,121 [INFO]  EXECUTION GATEWAY INITIALIZED
2026-02-15 21:41:01,121 [INFO] ======================================================================
2026-02-15 21:41:01,121 [INFO] Rate Limit: 20 orders/minute
2026-02-15 21:41:01,121 [INFO] Max Daily Loss: 10000.0
2026-02-15 21:41:01,121 [INFO] Circuit Breaker: ENABLED
2026-02-15 21:41:01,121 [INFO] Kill Switch: OFF
2026-02-15 21:41:01,121 [INFO] No New Trades: NO
2026-02-15 21:41:01,121 [INFO] ======================================================================
2026-02-15 21:41:01,121 [INFO]  ExecutionGateway: Feed circuit breaker ENABLED
2026-02-15 21:41:01,129 [INFO]  ExecutionGateway: Telegram feed alerts ENABLED
2026-02-15 21:41:01,130 [INFO] ======================================================================
2026-02-15 21:41:01,131 [INFO]  EXECUTION GATEWAY INITIALIZED
2026-02-15 21:41:01,131 [INFO] ======================================================================
2026-02-15 21:41:01,132 [INFO] Rate Limit: 20 orders/minute
2026-02-15 21:41:01,132 [INFO] Max Daily Loss: 10000.0
2026-02-15 21:41:01,132 [INFO] Circuit Breaker: ENABLED
2026-02-15 21:41:01,133 [INFO] Kill Switch: OFF
2026-02-15 21:41:01,133 [INFO] No New Trades: NO
2026-02-15 21:41:01,134 [INFO] ======================================================================
2026-02-15 21:41:01,135 [INFO] ======================================================================
2026-02-15 21:41:01,136 [INFO]  EXECUTION GATEWAY INITIALIZED
2026-02-15 21:41:01,136 [INFO] ======================================================================
2026-02-15 21:41:01,137 [INFO] Rate Limit: 20 orders/minute
2026-02-15 21:41:01,137 [INFO] Max Daily Loss: 10000.0
2026-02-15 21:41:01,138 [INFO] Circuit Breaker: ENABLED
2026-02-15 21:41:01,138 [INFO] Kill Switch: OFF
2026-02-15 21:41:01,138 [INFO] No New Trades: NO
2026-02-15 21:41:01,139 [INFO] ======================================================================
2026-02-15 21:41:01,139 [INFO]  ExecutionGateway: Feed circuit breaker ENABLED
2026-02-15 21:41:01,142 [WARNING] ⚠️ ENTRY BLOCKED: Feed CRITICAL - 5 critical tokens
2026-02-15 21:42:13,924 [INFO] ======================================================================
2026-02-15 21:42:13,924 [INFO]  EXECUTION GATEWAY INITIALIZED
2026-02-15 21:42:13,924 [INFO] ======================================================================
2026-02-15 21:42:13,924 [INFO] Rate Limit: 20 orders/minute
2026-02-15 21:42:13,924 [INFO] Max Daily Loss: 10000.0
2026-02-15 21:42:13,924 [INFO] Circuit Breaker: ENABLED
2026-02-15 21:42:13,940 [INFO] Kill Switch: OFF
2026-02-15 21:42:13,940 [INFO] No New Trades: NO
2026-02-15 21:42:13,940 [INFO] ======================================================================
